period_key,report_period,period_type,report_year,report_month,page_url,excel_url,publish_date,publish_date_source,breeding_sow_inventory,breeding_sow_inventory_unit,breeding_sow_inventory_indicator_raw,breeding_sow_inventory_mom,breeding_sow_inventory_yoy,breeding_sow_inventory_period_type,hog_exfarm_price,hog_exfarm_price_unit,hog_exfarm_price_indicator_raw,hog_exfarm_price_mom,hog_exfarm_price_yoy,parsing_source,raw_html_path,raw_excel_path,validation_flag,validation_notes
2021Q1,2021Q1,quarter,2021,3,https://www.moa.gov.cn/ztzl/szcpxx/jdsj/2021yjd/,https://www.moa.gov.cn/ztzl/szcpxx/jdsj/202104/P020210520376354092169.xlsx,2021-05-20,excel_url_token,,,2021年3月末定点监测能繁母猪存栏,0.016,0.453,missing,28.81,元/公斤,2021年3月份全国生猪出场价格（元/公斤）,-0.096,-0.211,html_table,data/raw/moa_hog_monthly/page_html/2021_Q1.html,data/raw/moa_hog_monthly/excel_files/2021_Q1.xlsx,sow_inventory_missing,能繁母猪存栏未提供绝对值:2021年3月末定点监测能繁母猪存栏
2021-04,2021-04,month,2021,4,https://www.moa.gov.cn/ztzl/szcpxx/jdsj/202104/,https://www.moa.gov.cn/ztzl/szcpxx/jdsj/202105/P020210531528323212716.xlsx,2021-05-31,excel_url_token,,,2021年4月末定点监测能繁母猪存栏,0.011,0.399,missing,24.73,元/公斤,2021年4月份全国生猪出场价格（元/公斤）,-0.142,-0.274,html_table,data/raw/moa_hog_monthly/page_html/2021-04.html,data/raw/moa_hog_monthly/excel_files/2021-04.xlsx,sow_inventory_missing,能繁母猪存栏未提供绝对值:2021年4月末定点监测能繁母猪存栏
2021-05,2021-05,month,2021,5,https://www.moa.gov.cn/ztzl/szcpxx/jdsj/202105/,https://www.moa.gov.cn/ztzl/szcpxx/jdsj/202106/U020210629640079928636.xlsx,2021-06-29,excel_url_token,,,2021年5月末定点监测能繁母猪存栏变化,0.008,0.357,missing,21.33,元/公斤,2021年5月份全国生猪出场价格（元/公斤）,-0.137,-0.293,html_table,data/raw/moa_hog_monthly/page_html/2021-05.html,data/raw/moa_hog_monthly/excel_files/2021-05.xlsx,sow_inventory_missing,能繁母猪存栏未提供绝对值:2021年5月末定点监测能繁母猪存栏变化
2021-06,2021-06,month,2021,6,https://www.moa.gov.cn/ztzl/szcpxx/jdsj/202106/,https://www.moa.gov.cn/ztzl/szcpxx/jdsj/202107/P020210730669321197541.xlsx,2021-07-30,excel_url_token,,,2021年6月末定点监测能繁母猪存栏变化,0.0,0.301,missing,16.5,元/公斤,2021年6月份全国生猪出场价格（元/公斤）,-0.226,-0.485,html_table,data/raw/moa_hog_monthly/page_html/2021-06.html,data/raw/moa_hog_monthly/excel_files/2021-06.xlsx,sow_inventory_missing,能繁母猪存栏未提供绝对值:2021年6月末定点监测能繁母猪存栏变化
2021-07,2021-07,month,2021,7,https://www.moa.gov.cn/ztzl/szcpxx/jdsj/202107/,https://www.moa.gov.cn/ztzl/szcpxx/jdsj/202108/P020210831565011441814.xlsx,2021-08-31,excel_url_token,,,2021年7月末定点监测能繁母猪存栏变化,-0.005,0.245,missing,16.43,元/公斤,2021年7月份全国生猪出场价格（元/公斤）,-0.004,-0.552,html_table,data/raw/moa_hog_monthly/page_html/2021-07.html,data/raw/moa_hog_monthly/excel_files/2021-07.xlsx,sow_inventory_missing,能繁母猪存栏未提供绝对值:2021年7月末定点监测能繁母猪存栏变化
2021-08,2021-08,month,2021,8,https://www.moa.gov.cn/ztzl/szcpxx/jdsj/202108/,https://www.moa.gov.cn/ztzl/szcpxx/jdsj/202109/P020210929513381706724.xlsx,2021-09-29,excel_url_token,,,2021年8月末定点监测能繁母猪存栏变化,-0.009,0.192,missing,15.9,元/公斤,2021年8月份全国生猪出场价格（元/公斤）,-0.032,-0.573,html_table,data/raw/moa_hog_monthly/page_html/2021-08.html,data/raw/moa_hog_monthly/excel_files/2021-08.xlsx,sow_inventory_missing,能繁母猪存栏未提供绝对值:2021年8月末定点监测能繁母猪存栏变化
2021-09,2021-09,month,2021,9,https://www.moa.gov.cn/ztzl/szcpxx/jdsj/202109/,https://www.moa.gov.cn/ztzl/szcpxx/jdsj/202110/P020211029572082672719.xlsx,2021-10-29,excel_url_token,4459.0,万头,2021年三季度末能繁母猪存栏（万头）,-0.023,0.167,quarter_end_stock,13.89,元/公斤,2021年9月份全国生猪出场价格（元/公斤）,-0.126,-0.612,html_table,data/raw/moa_hog_monthly/page_html/2021-09.html,data/raw/moa_hog_monthly/excel_files/2021-09.xlsx,ok,
2021-10,2021-10,month,2021,10,https://www.moa.gov.cn/ztzl/szcpxx/jdsj/202110/,https://www.moa.gov.cn/ztzl/szcpxx/jdsj/202111/P020211126639481801205.xlsx,2021-11-26,excel_url_token,4348.0,万头,2021年10月末能繁母猪存栏（万头）,-0.025,0.066,quarter_end_stock,14.32,元/公斤,2021年10月份全国生猪出场价格（元/公斤）,0.031,-0.538,html_table,data/raw/moa_hog_monthly/page_html/2021-10.html,data/raw/moa_hog_monthly/excel_files/2021-10.xlsx,ok,
2021-11,2021-11,month,2021,11,https://www.moa.gov.cn/ztzl/szcpxx/jdsj/202111/,https://www.moa.gov.cn/ztzl/szcpxx/jdsj/202112/P020211230393423531912.xlsx,2021-12-30,excel_url_token,4296.0,万头,2021年11月末能繁母猪存栏（万头）,-0.012,0.047,quarter_end_stock,17.88,元/公斤,2021年11月份全国生猪出场价格（元/公斤）,0.249,-0.408,html_table,data/raw/moa_hog_monthly/page_html/2021-11.html,data/raw/moa_hog_monthly/excel_files/2021-11.xlsx,ok,
2021-12,2021-12,month,2021,12,https://www.moa.gov.cn/ztzl/szcpxx/jdsj/2021/202112/,https://www.moa.gov.cn/ztzl/szcpxx/jdsj/202201/P020220127536079209998.xlsx,2022-01-27,excel_url_token,4329.0,万头,2021年4季度末能繁母猪存栏（万头）,-0.029,0.04,quarter_end_stock,17.95,元/公斤,2021年12月份全国生猪出场价格（元/公斤）,0.004,-0.465,html_table,data/raw/moa_hog_monthly/page_html/2021-12.html,data/raw/moa_hog_monthly/excel_files/2021-12.xlsx,ok,
2022-01,2022-01,month,2022,1,https://www.moa.gov.cn/ztzl/szcpxx/jdsj/2022/202201/,https://www.moa.gov.cn/ztzl/szcpxx/jdsj/202202/P020220225339745689065.xlsx,2022-02-25,excel_url_token,4290.0,万头,2022年1月末能繁母猪存栏（万头）,-0.009,0.02,quarter_end_stock,15.88,元/公斤,2022年1月份全国生猪出场价格（元/公斤）,-0.115,-0.559,html_table,data/raw/moa_hog_monthly/page_html/2022-01.html,data/raw/moa_hog_monthly/excel_files/2022-01.xlsx,ok,
2022-02,2022-02,month,2022,2,https://www.moa.gov.cn/ztzl/szcpxx/jdsj/2022/202202/,https://www.moa.gov.cn/ztzl/szcpxx/jdsj/2022/202202/202203/P020220331526409448839.xlsx,2022-03-31,excel_url_token,4268.0,万头,2022年2月末能繁母猪存栏（万头）,-0.005,0.005,quarter_end_stock,14.16,元/公斤,2022年2月份全国生猪出场价格（元/公斤）,-0.108,-0.556,html_table,data/raw/moa_hog_monthly/page_html/2022-02.html,data/raw/moa_hog_monthly/excel_files/2022-02.xlsx,ok,
2022-03,2022-03,month,2022,3,https://www.moa.gov.cn/ztzl/szcpxx/jdsj/2022/202203/,https://www.moa.gov.cn/ztzl/szcpxx/jdsj/2022/202203/202204/P020220429594795734174.xlsx,2022-04-29,excel_url_token,4185.0,万头,2022年1季度末能繁母猪存栏（万头）,-0.033,-0.031,quarter_end_stock,13.34,元/公斤,2022年3月份全国生猪出场价格（元/公斤）,-0.058,-0.537,html_table,data/raw/moa_hog_monthly/page_html/2022-03.html,data/raw/moa_hog_monthly/excel_files/2022-03.xlsx,ok,
2022-04,2022-04,month,2022,4,https://www.moa.gov.cn/ztzl/szcpxx/jdsj/2022/202204/,https://www.moa.gov.cn/ztzl/szcpxx/jdsj/2022/202204/202205/P020220530453122344311.xlsx,2022-05-30,excel_url_token,4177.0,万头,2022年4月末能繁母猪存栏（万头）,-0.002,-0.043,quarter_end_stock,14.06,元/公斤,2022年4月份全国生猪出场价格（元/公斤）,0.054,-0.431,html_table,data/raw/moa_hog_monthly/page_html/2022-04.html,data/raw/moa_hog_monthly/excel_files/2022-04.xlsx,ok,
2022-05,2022-05,month,2022,5,https://www.moa.gov.cn/ztzl/szcpxx/jdsj/2022/202205/,https://www.moa.gov.cn/ztzl/szcpxx/jdsj/2022/202205/202206/P020220630597553708955.xlsx,2022-06-30,excel_url_token,4192.0,万头,2022年5月末能繁母猪存栏（万头）,0.004,-0.081,quarter_end_stock,15.92,元/公斤,2022年5月份全国生猪出场价格（元/公斤）,0.132,-0.254,html_table,data/raw/moa_hog_monthly/page_html/2022-05.html,data/raw/moa_hog_monthly/excel_files/2022-05.xlsx,ok,
2022-06,2022-06,month,2022,6,https://www.moa.gov.cn/ztzl/szcpxx/jdsj/2022/202206/,https://www.moa.gov.cn/ztzl/szcpxx/jdsj/2022/202206/202208/P020220803359314022731.xlsx,2022-08-03,excel_url_token,4277.0,万头,2022年2季度末能繁母猪存栏（万头）,0.022,-0.063,quarter_end_stock,17.15,元/公斤,2022年6月份全国生猪出场价格（元/公斤）,0.077,0.039,html_table,data/raw/moa_hog_monthly/page_html/2022-06.html,data/raw/moa_hog_monthly/excel_files/2022-06.xlsx,ok,
2022-07,2022-07,month,2022,7,https://www.moa.gov.cn/ztzl/szcpxx/jdsj/2022/202207/,https://www.moa.gov.cn/ztzl/szcpxx/jdsj/2022/202207/202208/P020220830588865318104.xlsx,2022-08-30,excel_url_token,4298.0,万头,2022年7月末能繁母猪存栏（万头）,0.005,-0.053,quarter_end_stock,22.55,元/公斤,2022年7月份全国生猪出场价格（元/公斤）,0.315,0.372,html_table,data/raw/moa_hog_monthly/page_html/2022-07.html,data/raw/moa_hog_monthly/excel_files/2022-07.xlsx,ok,
2022-08,2022-08,month,2022,8,https://www.moa.gov.cn/ztzl/szcpxx/jdsj/2022/202208/,https://www.moa.gov.cn/ztzl/szcpxx/jdsj/2022/202208/202209/P020220929593684437346.xlsx,2022-09-29,excel_url_token,4324.0,万头,2022年8月末能繁母猪存栏（万头）,0.006,-0.048,quarter_end_stock,22.32,元/公斤,2022年8月份全国生猪出场价格（元/公斤）,-0.01,0.404,html_table,data/raw/moa_hog_monthly/page_html/2022-08.html,data/raw/moa_hog_monthly/excel_files/2022-08.xlsx,ok,
2022-09,2022-09,month,2022,9,https://www.moa.gov.cn/ztzl/szcpxx/jdsj/2022/202209/,https://www.moa.gov.cn/ztzl/szcpxx/jdsj/2022/202209/202210/P020221031510021604999.xlsx,2022-10-31,excel_url_token,4362.0,万头,2022年3季度末能繁母猪存栏（万头）,0.02,-0.022,quarter_end_stock,24.12,元/公斤,2022年9月份全国生猪出场价格（元/公斤）,0.081,0.737,html_table,data/raw/moa_hog_monthly/page_html/2022-09.html,data/raw/moa_hog_monthly/excel_files/2022-09.xlsx,ok,
2022-10,2022-10,month,2022,10,https://www.moa.gov.cn/ztzl/szcpxx/jdsj/2022/202210/,https://www.moa.gov.cn/ztzl/szcpxx/jdsj/2022/202210/202211/P020221130553313403358.xlsx,2022-11-30,excel_url_token,4379.0,万头,2022年10月末能繁母猪存栏（万头）,0.004,0.007,quarter_end_stock,27.39,元/公斤,2022年10月份全国生猪出场价格（元/公斤）,0.136,0.913,html_table,data/raw/moa_hog_monthly/page_html/2022-10.html,data/raw/moa_hog_monthly/excel_files/2022-10.xlsx,ok,
2022-11,2022-11,month,2022,11,https://www.moa.gov.cn/ztzl/szcpxx/jdsj/2022/202211/,https://www.moa.gov.cn/ztzl/szcpxx/jdsj/2022/202211/202212/P020221230509198122964.xlsx,2022-12-30,excel_url_token,4388.0,万头,2022年11月末能繁母猪存栏（万头）,0.002,0.021,quarter_end_stock,25.7,元/公斤,2022年11月份全国生猪出场价格（元/公斤）,-0.062,0.437,html_table,data/raw/moa_hog_monthly/page_html/2022-11.html,data/raw/moa_hog_monthly/excel_files/2022-11.xlsx,ok,
2022-12,2022-12,month,2022,12,https://www.moa.gov.cn/ztzl/szcpxx/jdsj/2022/202212/,https://www.moa.gov.cn/ztzl/szcpxx/jdsj/2022/202212/202301/P020230131561948688768.xlsx,2023-01-31,excel_url_token,4390.0,万头,2022年4季度末能繁母猪存栏（万头）,0.006,0.014,quarter_end_stock,20.93,元/公斤,2022年12月份全国生猪出场价格（元/公斤）,-0.186,0.166,html_table,data/raw/moa_hog_monthly/page_html/2022-12.html,data/raw/moa_hog_monthly/excel_files/2022-12.xlsx,ok,
2023-01,2023-01,month,2023,1,https://www.moa.gov.cn/ztzl/szcpxx/jdsj/2023/202301/,https://www.moa.gov.cn/ztzl/szcpxx/jdsj/2023/202301/202303/P020230301387763450538.xlsx,2023-03-01,excel_url_token,4367.0,万头,2023年1月末能繁母猪存栏（万头）,-0.005,0.018,quarter_end_stock,16.83,元/公斤,2023年1月份全国生猪出场价格（元/公斤）,-0.196,0.06,html_table,data/raw/moa_hog_monthly/page_html/2023-01.html,data/raw/moa_hog_monthly/excel_files/2023-01.xlsx,ok,
2023-02,2023-02,month,2023,2,https://www.moa.gov.cn/ztzl/szcpxx/jdsj/2023/202302/,https://www.moa.gov.cn/ztzl/szcpxx/jdsj/2023/202302/202303/P020230329561191434424.xlsx,2023-03-29,excel_url_token,4343.0,万头,2023年2月末能繁母猪存栏（万头）,-0.006,0.017,quarter_end_stock,14.9,元/公斤,2023年2月份全国生猪出场价格（元/公斤）,-0.115,0.052,html_table,data/raw/moa_hog_monthly/page_html/2023-02.html,data/raw/moa_hog_monthly/excel_files/2023-02.xlsx,ok,
2023-03,2023-03,month,2023,3,https://www.moa.gov.cn/ztzl/szcpxx/jdsj/2023/202303/,https://www.moa.gov.cn/ztzl/szcpxx/jdsj/2023/202303/202304/P020230427572273514434.xlsx,2023-04-27,excel_url_token,4305.0,万头,2023年1季度末能繁母猪存栏（万头）,-0.019,0.029,quarter_end_stock,15.54,元/公斤,2023年3月份全国生猪出场价格（元/公斤）,0.043,0.165,html_table,data/raw/moa_hog_monthly/page_html/2023-03.html,data/raw/moa_hog_monthly/excel_files/2023-03.xlsx,ok,
2023-04,2023-04,month,2023,4,https://www.moa.gov.cn/ztzl/szcpxx/jdsj/2023/202304/,https://www.moa.gov.cn/ztzl/szcpxx/jdsj/2023/202304/202305/P020230529505097517767.xlsx,2023-05-29,excel_url_token,4284.0,万头,2023年4月末能繁母猪存栏（万头）,-0.005,0.026,quarter_end_stock,14.61,元/公斤,2023年4月份全国生猪出场价格（元/公斤）,-0.06,0.039,html_table,data/raw/moa_hog_monthly/page_html/2023-04.html,data/raw/moa_hog_monthly/excel_files/2023-04.xlsx,ok,
2023-05,2023-05,month,2023,5,https://www.moa.gov.cn/ztzl/szcpxx/jdsj/2023/202305/,https://www.moa.gov.cn/ztzl/szcpxx/jdsj/2023/202305/202306/P020230630508256229315.xlsx,2023-06-30,excel_url_token,4258.0,万头,2023年5月末能繁母猪存栏（万头）,-0.006,0.016,quarter_end_stock,14.47,元/公斤,2023年5月份全国生猪出场价格（元/公斤）,-0.01,-0.091,html_table,data/raw/moa_hog_monthly/page_html/2023-05.html,data/raw/moa_hog_monthly/excel_files/2023-05.xlsx,ok,
2023-06,2023-06,month,2023,6,https://www.moa.gov.cn/ztzl/szcpxx/jdsj/2023/202306/,https://www.moa.gov.cn/ztzl/szcpxx/jdsj/2023/202306/202307/P020230726460724195837.xlsx,2023-07-26,excel_url_token,4296.0,万头,2023年2季度末能繁母猪存栏（万头）,-0.002,0.005,quarter_end_stock,14.3,元/公斤,2023年6月份全国生猪出场价格（元/公斤）,-0.012,-0.166,html_table,data/raw/moa_hog_monthly/page_html/2023-06.html,data/raw/moa_hog_monthly/excel_files/2023-06.xlsx,ok,
2023-07,2023-07,month,2023,7,https://www.moa.gov.cn/ztzl/szcpxx/jdsj/2023/202307/,https://www.moa.gov.cn/ztzl/szcpxx/jdsj/2023/202307/202308/P020230828538296645353.xlsx,2023-08-28,excel_url_token,4271.0,万头,2023年7月末能繁母猪存栏（万头）,-0.006,-0.006,quarter_end_stock,14.26,元/公斤,2023年7月份全国生猪出场价格（元/公斤）,-0.003,-0.368,html_table,data/raw/moa_hog_monthly/page_html/2023-07.html,data/raw/moa_hog_monthly/excel_files/2023-07.xlsx,ok,
2023-08,2023-08,month,2023,8,https://www.moa.gov.cn/ztzl/szcpxx/jdsj/2023/202308/,https://www.moa.gov.cn/ztzl/szcpxx/jdsj/2023/202308/202309/P020230927585638831411.xlsx,2023-09-27,excel_url_token,4241.0,万头,2023年8月末能繁母猪存栏（万头）,-0.007,-0.019,quarter_end_stock,17.11,元/公斤,2023年8月份全国生猪出场价格（元/公斤）,0.2,-0.233,html_table,data/raw/moa_hog_monthly/page_html/2023-08.html,data/raw/moa_hog_monthly/excel_files/2023-08.xlsx,ok,
2023-09,2023-09,month,2023,9,https://www.moa.gov.cn/ztzl/szcpxx/jdsj/2023/202309/,https://www.moa.gov.cn/ztzl/szcpxx/jdsj/2023/202309/202310/P020231026357738833559.xlsx,2023-10-26,excel_url_token,4240.0,万头,2023年三季度末能繁母猪存栏（万头）,-0.013,-0.028,quarter_end_stock,16.76,元/公斤,2023年9月份全国生猪出场价格（元/公斤）,-0.02,-0.305,html_table,data/raw/moa_hog_monthly/page_html/2023-09.html,data/raw/moa_hog_monthly/excel_files/2023-09.xlsx,ok,
2023-10,2023-10,month,2023,10,https://www.moa.gov.cn/ztzl/szcpxx/jdsj/2023/202310/,https://www.moa.gov.cn/ztzl/szcpxx/jdsj/2023/202310/202311/P020231127550647173803.xlsx,2023-11-27,excel_url_token,4210.0,万头,2023年10月末能繁母猪存栏（万头）,-0.007,-0.039,quarter_end_stock,15.78,元/公斤,2023年10月份全国生猪出场价格（元/公斤）,-0.058,-0.424,html_table,data/raw/moa_hog_monthly/page_html/2023-10.html,data/raw/moa_hog_monthly/excel_files/2023-10.xlsx,ok,
2023-11,2023-11,month,2023,11,https://www.moa.gov.cn/ztzl/szcpxx/jdsj/2023/202311/,https://www.moa.gov.cn/ztzl/szcpxx/jdsj/2023/202311/202312/P020231228677523245055.xlsx,2023-12-28,excel_url_token,4158.0,万头,2023年11月末能繁母猪存栏（万头）,-0.012,-0.052,quarter_end_stock,14.99,元/公斤,2023年11月份全国生猪出场价格（元/公斤）,-0.05,-0.417,html_table,data/raw/moa_hog_monthly/page_html/2023-11.html,data/raw/moa_hog_monthly/excel_files/2023-11.xlsx,ok,
2023-12,2023-12,month,2023,12,https://www.moa.gov.cn/ztzl/szcpxx/jdsj/2023/202312/,https://www.moa.gov.cn/ztzl/szcpxx/jdsj/2023/202312/202401/P020240126367944310174.xlsx,2024-01-26,excel_url_token,4142.0,万头,2023年4季度末能繁母猪存栏（万头）,-0.023,-0.057,quarter_end_stock,14.69,元/公斤,2023年12月份全国生猪出场价格（元/公斤）,-0.02,-0.298,html_table,data/raw/moa_hog_monthly/page_html/2023-12.html,data/raw/moa_hog_monthly/excel_files/2023-12.xlsx,ok,
2024-01,2024-01,month,2024,1,https://www.moa.gov.cn/ztzl/szcpxx/jdsj/2024/202401/,https://www.moa.gov.cn/ztzl/szcpxx/jdsj/2024/202401/202402/P020240226369293079528.xlsx,2024-02-26,excel_url_token,4067.0,万头,2024年1月末能繁母猪存栏（万头）,-0.018,-0.069,quarter_end_stock,14.63,元/公斤,2024年1月份全国生猪出场价格（元/公斤）,-0.004,-0.131,html_table,data/raw/moa_hog_monthly/page_html/2024-01.html,data/raw/moa_hog_monthly/excel_files/2024-01.xlsx,ok,
2024-02,2024-02,month,2024,2,https://www.moa.gov.cn/ztzl/szcpxx/jdsj/2024/202402/,https://www.moa.gov.cn/ztzl/szcpxx/jdsj/2024/202402/202403/P020240326518985306986.xlsx,2024-03-26,excel_url_token,4042.0,万头,2024年2月末能繁母猪存栏（万头）,-0.006,-0.069,quarter_end_stock,14.97,元/公斤,2024年2月份全国生猪出场价格（元/公斤）,0.023,0.005,html_table,data/raw/moa_hog_monthly/page_html/2024-02.html,data/raw/moa_hog_monthly/excel_files/2024-02.xlsx,ok,
2024-03,2024-03,month,2024,3,https://www.moa.gov.cn/ztzl/szcpxx/jdsj/2024/202403/,https://www.moa.gov.cn/ztzl/szcpxx/jdsj/2024/202403/202404/P020240424545621450792.xlsx,2024-04-24,excel_url_token,3992.0,万头,2024年1季度末能繁母猪存栏（万头）,-0.036,-0.073,quarter_end_stock,14.85,元/公斤,2024年3月份全国生猪出场价格（元/公斤）,-0.008,-0.044,html_table,data/raw/moa_hog_monthly/page_html/2024-03.html,data/raw/moa_hog_monthly/excel_files/2024-03.xlsx,ok,
2024-04,2024-04,month,2024,4,https://www.moa.gov.cn/ztzl/szcpxx/jdsj/2024/202404/,https://www.moa.gov.cn/ztzl/szcpxx/jdsj/2024/202404/202405/P020240524369826589949.xlsx,2024-05-24,excel_url_token,3986.0,万头,2024年4月末能繁母猪存栏（万头）,-0.001,-0.069,quarter_end_stock,15.38,元/公斤,2024年4月份全国生猪出场价格（元/公斤）,0.036,0.053,html_table,data/raw/moa_hog_monthly/page_html/2024-04.html,data/raw/moa_hog_monthly/excel_files/2024-04.xlsx,ok,
2024-05,2024-05,month,2024,5,https://www.moa.gov.cn/ztzl/szcpxx/jdsj/2024/202405/,https://www.moa.gov.cn/ztzl/szcpxx/jdsj/2024/202405/202406/P020240626394732750651.xlsx,2024-06-26,excel_url_token,3996.0,万头,2024年5月末能繁母猪存栏（万头）,0.002,-0.062,quarter_end_stock,15.78,元/公斤,2024年5月份全国生猪出场价格（元/公斤）,0.026,0.091,html_table,data/raw/moa_hog_monthly/page_html/2024-05.html,data/raw/moa_hog_monthly/excel_files/2024-05.xlsx,ok,
2024-06,2024-06,month,2024,6,https://www.moa.gov.cn/ztzl/szcpxx/jdsj/2024/202406/,https://www.moa.gov.cn/ztzl/szcpxx/jdsj/2024/202406/202407/P020240725520828542660.xlsx,2024-07-25,excel_url_token,4038.0,万头,2024年2季度末能繁母猪存栏（万头）,0.011,-0.06,quarter_end_stock,18.36,元/公斤,2024年6月份全国生猪出场价格（元/公斤）,0.163,0.284,html_table,data/raw/moa_hog_monthly/page_html/2024-06.html,data/raw/moa_hog_monthly/excel_files/2024-06.xlsx,ok,
2024-07,2024-07,month,2024,7,https://www.moa.gov.cn/ztzl/szcpxx/jdsj/2024/202407/,https://www.moa.gov.cn/ztzl/szcpxx/jdsj/2024/202407/202408/P020240829518525660057.xlsx,2024-08-29,excel_url_token,4041.0,万头,2024年7月末能繁母猪存栏（万头）,0.001,-0.054,quarter_end_stock,18.93,元/公斤,2024年7月份全国生猪出场价格（元/公斤）,0.031,0.327,html_table,data/raw/moa_hog_monthly/page_html/2024-07.html,data/raw/moa_hog_monthly/excel_files/2024-07.xlsx,ok,
2024-08,2024-08,month,2024,8,https://www.moa.gov.cn/ztzl/szcpxx/jdsj/2024/202408/,https://www.moa.gov.cn/ztzl/szcpxx/jdsj/2024/202408/202409/P020240927604161554397.xlsx,2024-09-27,excel_url_token,4036.0,万头,2024年8月末能繁母猪存栏（万头）,-0.001,-0.048,quarter_end_stock,20.63,元/公斤,2024年8月份全国生猪出场价格（元/公斤）,0.09,0.206,html_table,data/raw/moa_hog_monthly/page_html/2024-08.html,data/raw/moa_hog_monthly/excel_files/2024-08.xlsx,ok,
2024-09,2024-09,month,2024,9,https://www.moa.gov.cn/ztzl/szcpxx/jdsj/2024/202409/,https://www.moa.gov.cn/ztzl/szcpxx/jdsj/2024/202409/202410/P020241029591476726200.xlsx,2024-10-29,excel_url_token,4062.0,万头,2024年3季度末能繁母猪存栏（万头）,0.006,-0.042,quarter_end_stock,19.68,元/公斤,2024年9月份全国生猪出场价格（元/公斤）,-0.046,0.174,html_table,data/raw/moa_hog_monthly/page_html/2024-09.html,data/raw/moa_hog_monthly/excel_files/2024-09.xlsx,ok,
2024-10,2024-10,month,2024,10,https://www.moa.gov.cn/ztzl/szcpxx/jdsj/2024/202410/,https://www.moa.gov.cn/ztzl/szcpxx/jdsj/2024/202410/202411/P020241127396780703124.xlsx,2024-11-27,excel_url_token,4073.0,万头,2024年10月末能繁母猪存栏（万头）,0.003,-0.032,quarter_end_stock,18.14,元/公斤,2024年10月份全国生猪出场价格（元/公斤）,-0.078,0.15,html_table,data/raw/moa_hog_monthly/page_html/2024-10.html,data/raw/moa_hog_monthly/excel_files/2024-10.xlsx,ok,
2024-11,2024-11,month,2024,11,https://www.moa.gov.cn/ztzl/szcpxx/jdsj/2024/202411/,https://www.moa.gov.cn/ztzl/szcpxx/jdsj/2024/202411/202412/P020241226353294939770.xlsx,2024-12-26,excel_url_token,4080.0,万头,2024年11月末能繁母猪存栏（万头）,0.002,-0.019,quarter_end_stock,17.2,元/公斤,2024年11月份全国生猪出场价格（元/公斤）,-0.052,0.147,html_table,data/raw/moa_hog_monthly/page_html/2024-11.html,data/raw/moa_hog_monthly/excel_files/2024-11.xlsx,ok,
2024-12,2024-12,month,2024,12,https://www.moa.gov.cn/ztzl/szcpxx/jdsj/2024/202412/,https://www.moa.gov.cn/ztzl/szcpxx/jdsj/2024/202412/202501/P020250126578637248544.xlsx,2025-01-26,excel_url_token,4078.0,万头,2024年4季度末能繁母猪存栏（万头）,0.004,-0.016,quarter_end_stock,16.46,元/公斤,2024年12月份全国生猪出场价格（元/公斤）,-0.043,0.12,html_table,data/raw/moa_hog_monthly/page_html/2024-12.html,data/raw/moa_hog_monthly/excel_files/2024-12.xlsx,ok,
2025-01,2025-01,month,2025,1,https://www.moa.gov.cn/ztzl/szcpxx/jdsj/2025/202501/,https://www.moa.gov.cn/ztzl/szcpxx/jdsj/2025/202501/202502/P020250328626218373627.xlsx,2025-03-28,excel_url_token,4062.0,万头,2025年1月末能繁母猪存栏（万头）,-0.004,-0.001,quarter_end_stock,16.41,元/公斤,2025年1月份全国生猪出场价格（元/公斤）,-0.003,0.122,html_table,data/raw/moa_hog_monthly/page_html/2025-01.html,data/raw/moa_hog_monthly/excel_files/2025-01.xlsx,ok,
2025-02,2025-02,month,2025,2,https://www.moa.gov.cn/ztzl/szcpxx/jdsj/2025/202502/,https://www.moa.gov.cn/ztzl/szcpxx/jdsj/2025/202502/202503/P020250328628612205949.xlsx,2025-03-28,excel_url_token,4066.0,万头,2025年2月末能繁母猪存栏（万头）,0.001,0.006,quarter_end_stock,15.77,元/公斤,2025年2月份全国生猪出场价格（元/公斤）,-0.039,0.053,html_table,data/raw/moa_hog_monthly/page_html/2025-02.html,data/raw/moa_hog_monthly/excel_files/2025-02.xlsx,ok,
2025-03,2025-03,month,2025,3,https://www.moa.gov.cn/ztzl/szcpxx/jdsj/2025/202503/,https://www.moa.gov.cn/ztzl/szcpxx/jdsj/2025/202503/202504/P020250425570366125575.xlsx,2025-04-25,excel_url_token,4039.0,万头,2025年1季度末能繁母猪存栏（万头）,-0.01,0.012,quarter_end_stock,15.2,元/公斤,2025年3月份全国生猪出场价格（元/公斤）,-0.036,0.024,html_table,data/raw/moa_hog_monthly/page_html/2025-03.html,data/raw/moa_hog_monthly/excel_files/2025-03.xlsx,ok,
2025-04,2025-04,month,2025,4,https://www.moa.gov.cn/ztzl/szcpxx/jdsj/2025/202504/,https://www.moa.gov.cn/ztzl/szcpxx/jdsj/2025/202504/202505/P020250527532146937339.xlsx,2025-05-27,excel_url_token,4038.0,万头,2025年4月末能繁母猪存栏（万头）,0.0,0.013,quarter_end_stock,15.06,元/公斤,2025年4月份全国生猪出场价格（元/公斤）,-0.009,-0.021,html_table,data/raw/moa_hog_monthly/page_html/2025-04.html,data/raw/moa_hog_monthly/excel_files/2025-04.xlsx,ok,
2025-05,2025-05,month,2025,5,https://www.moa.gov.cn/ztzl/szcpxx/jdsj/2025/202505/,https://www.moa.gov.cn/ztzl/szcpxx/jdsj/2025/202505/202506/P020250630560628826013.xlsx,2025-06-30,excel_url_token,4042.0,万头,2025年5月末能繁母猪存栏（万头）,0.001,0.012,quarter_end_stock,14.92,元/公斤,2025年5月份全国生猪出场价格（元/公斤）,-0.009,-0.054,html_table,data/raw/moa_hog_monthly/page_html/2025-05.html,data/raw/moa_hog_monthly/excel_files/2025-05.xlsx,ok,
2025-06,2025-06,month,2025,6,https://www.moa.gov.cn/ztzl/szcpxx/jdsj/2025/202506/,https://www.moa.gov.cn/ztzl/szcpxx/jdsj/2025/202506/202507/P020250725507217967227.pdf,,missing,4043.0,万头,2025年2季度末能繁母猪存栏（万头）,0.001,0.001,quarter_end_stock,14.57,元/公斤,2025年6月份全国生猪出场价格（元/公斤）,-0.023,-0.206,html_table,data/raw/moa_hog_monthly/page_html/2025-06.html,data/raw/moa_hog_monthly/excel_files/2025-06.pdf,ok,
2025-07,2025-07,month,2025,7,https://www.moa.gov.cn/ztzl/szcpxx/jdsj/2025/202507/,https://www.moa.gov.cn/ztzl/szcpxx/jdsj/2025/202507/202509/P020250928400936543963.xlsx,2025-09-28,excel_url_token,4042.0,万头,2025年7月末能繁母猪存栏（万头）,0.0,0.0,quarter_end_stock,14.84,元/公斤,2025年7月份全国生猪出场价格（元/公斤）,0.019,-0.216,html_table,data/raw/moa_hog_monthly/page_html/2025-07.html,data/raw/moa_hog_monthly/excel_files/2025-07.xlsx,ok,
2025-08,2025-08,month,2025,8,https://www.moa.gov.cn/ztzl/szcpxx/jdsj/2025/202508/,https://www.moa.gov.cn/ztzl/szcpxx/jdsj/2025/202508/202509/P020250928567571034395.xlsx,2025-09-28,excel_url_token,4038.0,万头,2025年8月末能繁母猪存栏（万头）,-0.001,0.0,quarter_end_stock,14.23,元/公斤,2025年8月份全国生猪出场价格（元/公斤）,-0.041,-0.31,html_table,data/raw/moa_hog_monthly/page_html/2025-08.html,data/raw/moa_hog_monthly/excel_files/2025-08.xlsx,ok,
2025-09,2025-09,month,2025,9,https://www.moa.gov.cn/ztzl/szcpxx/jdsj/2025/202509/,https://www.moa.gov.cn/ztzl/szcpxx/jdsj/2025/202509/202510/P020251030624707757095.xlsx,2025-10-30,excel_url_token,4035.0,万头,2025年3季度末能繁母猪存栏（万头）,-0.002,-0.007,quarter_end_stock,13.78,元/公斤,2025年9月份全国生猪出场价格（元/公斤）,-0.032,-0.3,html_table,data/raw/moa_hog_monthly/page_html/2025-09.html,data/raw/moa_hog_monthly/excel_files/2025-09.xlsx,ok,
2025-10,2025-10,month,2025,10,https://www.moa.gov.cn/ztzl/szcpxx/jdsj/2025/202510/,https://www.moa.gov.cn/ztzl/szcpxx/jdsj/2025/202510/202511/P020251128336414357776.xlsx,2025-11-28,excel_url_token,3990.0,万头,2025年10月末能繁母猪存栏（万头）,-0.011,-0.021,quarter_end_stock,12.27,元/公斤,2025年10月份全国生猪出场价格（元/公斤）,-0.11,-0.324,html_table,data/raw/moa_hog_monthly/page_html/2025-10.html,data/raw/moa_hog_monthly/excel_files/2025-10.xlsx,ok,
2025-11,2025-11,month,2025,11,https://www.moa.gov.cn/ztzl/szcpxx/jdsj/2025/202511/,https://www.moa.gov.cn/ztzl/szcpxx/jdsj/2025/202511/202512/P020251226727321225508.xlsx,2025-12-26,excel_url_token,,,,,,missing,12.33,元/公斤,2025年11月份全国生猪出场价格（元/公斤）,0.005,-0.283,html_table,data/raw/moa_hog_monthly/page_html/2025-11.html,data/raw/moa_hog_monthly/excel_files/2025-11.xlsx,sow_inventory_missing,能繁母猪存栏缺失
2025-12,2025-12,month,2025,12,https://www.moa.gov.cn/ztzl/szcpxx/jdsj/2025/202512/,https://www.moa.gov.cn/ztzl/szcpxx/jdsj/2025/202512/202601/P020260128624566443942.xlsx,2026-01-28,excel_url_token,3961.0,万头,2025年4季度末能繁母猪存栏（万头）,-0.018,-0.029,quarter_end_stock,11.99,元/公斤,2025年12月份全国生猪出场价格（元/公斤）,-0.028,-0.272,html_table,data/raw/moa_hog_monthly/page_html/2025-12.html,data/raw/moa_hog_monthly/excel_files/2025-12.xlsx,ok,
2026-01,2026-01,month,2026,1,https://www.moa.gov.cn/ztzl/szcpxx/jdsj/2026/202601/,https://www.moa.gov.cn/ztzl/szcpxx/jdsj/2026/202601/202603/P020260320670130408308.xlsx,2026-03-20,excel_url_token,,,,,,missing,13.1,元/公斤,2026年1月份全国生猪出场价格（元/公斤）,0.093,-0.202,html_table,data/raw/moa_hog_monthly/page_html/2026-01.html,data/raw/moa_hog_monthly/excel_files/2026-01.xlsx,sow_inventory_missing,能繁母猪存栏缺失
2026-02,2026-02,month,2026,2,https://www.moa.gov.cn/ztzl/szcpxx/jdsj/2026/202602/,https://www.moa.gov.cn/ztzl/szcpxx/jdsj/2026/202602/202603/P020260320675663703590.xlsx,2026-03-20,excel_url_token,,,,,,missing,12.54,元/公斤,2026年2月份全国生猪出场价格（元/公斤）,-0.043,-0.205,html_table,data/raw/moa_hog_monthly/page_html/2026-02.html,data/raw/moa_hog_monthly/excel_files/2026-02.xlsx,sow_inventory_missing,能繁母猪存栏缺失
