week_start,week_end,target_price_median,target_price_mean,target_price_last,target_price_min,target_price_max,target_last_year_price_mean,target_mom_pct_mean,obs_days,valid_days,missing_ratio,target_source,target_status,is_source_gap,is_holiday_gap,is_boundary_week,target_notes
2014-12-15,2014-12-21,13.37,13.579999999999998,13.29,13.27,14.6,15.386000000000001,-0.00118,5,5,0.2857,soozhu_henan_hog_daily,complete_week,False,False,True,boundary_week
2014-12-22,2014-12-28,13.0,13.043333333333335,13.0,13.0,13.13,15.255,-0.0014333333333333333,6,6,0.1429,soozhu_henan_hog_daily,complete_week,False,False,False,
2014-12-29,2015-01-04,13.05,13.061666666666667,13.2,12.97,13.2,14.75,-0.00115,6,6,0.1429,soozhu_henan_hog_daily,complete_week,False,False,False,
2015-01-05,2015-01-11,13.4,13.392857142857142,13.37,13.33,13.5,14.200000000000001,-0.0005714285714285715,7,7,0.0,soozhu_henan_hog_daily,complete_week,False,False,False,
2015-01-12,2015-01-18,13.25,13.254285714285714,13.28,13.16,13.38,12.83,0.00034285714285714285,7,7,0.0,soozhu_henan_hog_daily,complete_week,False,False,False,
2015-01-19,2015-01-25,13.0,13.04142857142857,12.78,12.77,13.5,12.042857142857143,0.0008285714285714286,7,7,0.0,soozhu_henan_hog_daily,complete_week,False,True,False,holiday_window
2015-01-26,2015-02-01,12.75,12.667142857142858,12.3,12.3,12.8,12.061428571428573,0.0005142857142857143,7,7,0.0,soozhu_henan_hog_daily,complete_week,False,True,False,holiday_window
2015-02-02,2015-02-08,12.0,11.968571428571428,11.6,11.6,12.13,12.25,-0.00022857142857142854,7,7,0.0,soozhu_henan_hog_daily,complete_week,False,True,False,holiday_window
2015-02-09,2015-02-15,11.73,11.70142857142857,11.8,11.53,11.87,12.299999999999999,-0.0004714285714285714,7,7,0.0,soozhu_henan_hog_daily,complete_week,False,True,False,holiday_window
2015-02-16,2015-02-22,11.7,11.717142857142857,11.8,11.6,11.9,12.018571428571429,-0.00024285714285714283,7,7,0.0,soozhu_henan_hog_daily,complete_week,False,True,False,holiday_window
2015-02-23,2015-03-01,11.75,11.754285714285714,11.53,11.53,11.9,11.75,1.4285714285714292e-05,7,7,0.0,soozhu_henan_hog_daily,complete_week,False,False,False,
2015-03-02,2015-03-08,11.4,11.334285714285715,11.2,11.04,11.65,11.377142857142857,-1.428571428571428e-05,7,7,0.0,soozhu_henan_hog_daily,complete_week,False,False,False,
2015-03-09,2015-03-15,11.08,11.058571428571428,11.1,10.93,11.25,10.884285714285713,0.00015714285714285716,7,7,0.0,soozhu_henan_hog_daily,complete_week,False,False,False,
2015-03-16,2015-03-22,11.32,11.308571428571428,11.45,11.1,11.45,10.507142857142856,0.0007857142857142856,7,7,0.0,soozhu_henan_hog_daily,complete_week,False,False,False,
2015-03-23,2015-03-29,11.93,11.945714285714287,12.25,11.5,12.25,10.175714285714283,0.0017285714285714285,7,7,0.0,soozhu_henan_hog_daily,complete_week,False,False,False,
2015-03-30,2015-04-05,12.3,12.334285714285715,12.27,12.23,12.48,10.185714285714285,0.0021,7,7,0.0,soozhu_henan_hog_daily,complete_week,False,False,False,
2015-04-06,2015-04-12,12.2,12.184285714285712,12.33,11.9,12.33,10.262857142857143,0.0018571428571428573,7,7,0.0,soozhu_henan_hog_daily,complete_week,False,False,False,
2015-04-13,2015-04-19,12.54,12.614285714285714,13.07,12.35,13.07,10.290000000000001,0.0022571428571428573,7,7,0.0,soozhu_henan_hog_daily,complete_week,False,False,False,
2015-04-20,2015-04-26,13.4,13.334285714285715,13.4,12.92,13.6,10.505714285714285,0.0027,7,7,0.0,soozhu_henan_hog_daily,complete_week,False,False,False,
2015-04-27,2015-05-03,13.3,13.338571428571429,13.9,13.08,13.9,10.53,0.0026428571428571425,7,7,0.0,soozhu_henan_hog_daily,complete_week,False,True,False,holiday_window
2015-05-04,2015-05-10,13.8,13.84142857142857,13.97,13.77,13.97,12.03,0.0015857142857142858,7,7,0.0,soozhu_henan_hog_daily,complete_week,False,True,False,holiday_window
2015-05-11,2015-05-17,13.73,13.784285714285714,14.03,13.7,14.03,13.164285714285715,0.00048571428571428566,7,7,0.0,soozhu_henan_hog_daily,complete_week,False,False,False,
2015-05-18,2015-05-24,13.95,13.968571428571428,14.0,13.9,14.05,13.454285714285716,0.00037142857142857143,7,7,0.0,soozhu_henan_hog_daily,complete_week,False,False,False,
2015-05-25,2015-05-31,14.08,14.075714285714286,14.1,14.0,14.2,12.964285714285714,0.0008428571428571428,7,7,0.0,soozhu_henan_hog_daily,complete_week,False,False,False,
2015-06-01,2015-06-07,14.4,14.385714285714286,14.43,14.25,14.47,12.799999999999999,0.0012428571428571428,7,7,0.0,soozhu_henan_hog_daily,complete_week,False,False,False,
2015-06-08,2015-06-14,14.9,14.783333333333333,14.9,14.5,14.9,12.878333333333332,0.0014666666666666667,6,6,0.1429,soozhu_henan_hog_daily,complete_week,False,False,False,
2015-06-15,2015-06-21,15.0,15.01,15.05,14.93,15.07,12.742857142857144,0.0017857142857142857,7,7,0.0,soozhu_henan_hog_daily,complete_week,False,False,False,
2015-06-22,2015-06-28,15.3,15.365714285714287,15.3,15.03,15.8,12.735714285714286,0.002057142857142857,7,7,0.0,soozhu_henan_hog_daily,complete_week,False,False,False,
2015-06-29,2015-07-05,16.2,16.361428571428572,17.0,15.8,17.0,12.744285714285715,0.002828571428571429,7,7,0.0,soozhu_henan_hog_daily,complete_week,False,False,False,
2015-07-06,2015-07-12,17.35,17.417142857142856,17.5,17.2,18.0,13.087142857142856,0.003314285714285714,7,7,0.0,soozhu_henan_hog_daily,complete_week,False,False,False,
2015-07-13,2015-07-19,17.24,17.19857142857143,17.3,16.85,17.5,13.795714285714284,0.0024714285714285715,7,7,0.0,soozhu_henan_hog_daily,complete_week,False,False,False,
2015-07-20,2015-07-26,17.5,17.504285714285714,17.6,17.2,17.7,13.864285714285714,0.0026285714285714285,7,7,0.0,soozhu_henan_hog_daily,complete_week,False,False,False,
2015-07-27,2015-08-02,17.93,17.951428571428572,18.2,17.73,18.2,14.155714285714286,0.0026857142857142856,7,7,0.0,soozhu_henan_hog_daily,complete_week,False,False,False,
2015-08-03,2015-08-09,18.4,18.388571428571428,18.47,18.23,18.5,14.515714285714285,0.0026857142857142856,7,7,0.0,soozhu_henan_hog_daily,complete_week,False,False,False,
2015-08-10,2015-08-16,18.275,18.31833333333333,18.03,18.03,18.8,14.875,0.0023166666666666665,6,6,0.1429,soozhu_henan_hog_daily,complete_week,False,False,False,
2015-08-17,2015-08-23,18.1,18.025714285714287,18.2,17.76,18.2,14.987142857142857,0.0020285714285714286,7,7,0.0,soozhu_henan_hog_daily,complete_week,False,False,False,
2015-08-24,2015-08-30,18.1,18.085714285714285,18.0,18.0,18.2,14.93142857142857,0.0021,7,7,0.0,soozhu_henan_hog_daily,complete_week,False,False,False,
2015-08-31,2015-09-06,18.0,18.078333333333333,18.0,17.97,18.3,14.87,0.00215,6,6,0.1429,soozhu_henan_hog_daily,complete_week,False,False,False,
2015-09-07,2015-09-13,17.9,17.84714285714286,17.6,17.6,18.03,14.808571428571428,0.002085714285714286,7,7,0.0,soozhu_henan_hog_daily,complete_week,False,False,False,
2015-09-14,2015-09-20,17.4,17.38,17.2,17.2,17.6,14.796666666666667,0.0017333333333333333,6,6,0.1429,soozhu_henan_hog_daily,complete_week,False,False,False,
2015-09-21,2015-09-27,17.0,17.044999999999998,17.0,17.0,17.27,14.391666666666666,0.00185,6,6,0.1429,soozhu_henan_hog_daily,complete_week,False,False,False,
2015-09-28,2015-10-04,17.05,17.07,17.2,16.9,17.2,14.181999999999999,0.00202,5,5,0.2857,soozhu_henan_hog_daily,complete_week,False,True,False,holiday_window
2015-10-05,2015-10-11,17.2,17.15,17.2,17.0,17.2,14.1275,0.00215,4,4,0.4286,soozhu_henan_hog_daily,complete_week,False,True,False,holiday_window
2015-10-12,2015-10-18,16.2,16.23333333333333,15.6,15.6,16.87,13.988333333333335,0.0015999999999999999,6,6,0.1429,soozhu_henan_hog_daily,complete_week,False,False,False,
2015-10-19,2015-10-25,15.975,15.99,16.4,15.65,16.4,13.751666666666667,0.0016166666666666666,6,6,0.1429,soozhu_henan_hog_daily,complete_week,False,False,False,
2015-10-26,2015-11-01,15.885,15.868333333333332,15.9,15.6,16.07,13.558333333333332,0.0017000000000000001,6,6,0.1429,soozhu_henan_hog_daily,complete_week,False,False,False,
2015-11-02,2015-11-08,15.8,15.82,15.8,15.78,15.9,13.673333333333332,0.0015500000000000002,6,6,0.1429,soozhu_henan_hog_daily,complete_week,False,False,False,
2015-11-09,2015-11-15,15.9,15.897142857142857,15.63,15.63,16.1,13.774285714285714,0.0015285714285714288,7,7,0.0,soozhu_henan_hog_daily,complete_week,False,False,False,
2015-11-16,2015-11-22,16.05,16.072857142857142,16.15,16.0,16.15,13.754285714285714,0.0016857142857142856,7,7,0.0,soozhu_henan_hog_daily,complete_week,False,False,False,
2015-11-23,2015-11-29,16.3,16.297142857142855,16.4,16.15,16.4,13.64,0.0019571428571428574,7,7,0.0,soozhu_henan_hog_daily,complete_week,False,False,False,
2015-11-30,2015-12-06,16.4,16.40285714285714,16.3,16.3,16.6,13.514285714285714,0.002142857142857143,7,7,0.0,soozhu_henan_hog_daily,complete_week,False,False,False,
2015-12-07,2015-12-13,16.375,16.30333333333333,16.4,16.0,16.4,13.54,0.00205,6,6,0.1429,soozhu_henan_hog_daily,complete_week,False,False,False,
2015-12-14,2015-12-20,16.25,16.27,16.2,16.2,16.4,13.526,0.00206,5,5,0.2857,soozhu_henan_hog_daily,complete_week,False,False,False,
2015-12-21,2015-12-27,16.23,16.220000000000002,16.35,16.0,16.35,13.127142857142857,0.0023714285714285716,7,7,0.0,soozhu_henan_hog_daily,complete_week,False,False,False,
2015-12-28,2016-01-03,16.53,16.62857142857143,17.2,16.3,17.2,13.027142857142858,0.0027714285714285714,7,7,0.0,soozhu_henan_hog_daily,complete_week,False,False,False,
2016-01-04,2016-01-10,17.6,17.47714285714286,17.7,17.2,17.7,13.337142857142856,0.0031285714285714285,7,7,0.0,soozhu_henan_hog_daily,complete_week,False,False,False,
2016-01-11,2016-01-17,17.9,17.907142857142855,17.7,17.6,18.4,13.347142857142858,0.0034142857142857143,7,7,0.0,soozhu_henan_hog_daily,complete_week,False,False,False,
2016-01-18,2016-01-24,17.87,17.89,17.8,17.8,18.03,13.104285714285714,0.0036428571428571426,7,7,0.0,soozhu_henan_hog_daily,complete_week,False,True,False,holiday_window
2016-01-25,2016-01-31,18.1,18.125999999999998,18.5,17.9,18.5,12.767999999999999,0.0041800000000000006,5,5,0.2857,soozhu_henan_hog_daily,complete_week,False,True,False,holiday_window
2016-02-01,2016-02-07,18.9,18.925,18.8,18.7,19.2,12.102500000000001,0.005625,4,4,0.4286,soozhu_henan_hog_daily,complete_week,False,True,False,holiday_window
2016-02-08,2016-02-14,18.8,18.8,18.6,18.6,19.0,11.65,0.00615,2,2,0.7143,soozhu_henan_hog_daily,partial_week,False,True,False,sparse_week; holiday_window
2016-02-15,2016-02-21,18.3,18.15,17.4,17.4,18.6,11.695,0.005525,4,4,0.4286,soozhu_henan_hog_daily,complete_week,False,True,False,holiday_window
2016-02-22,2016-02-28,18.0,18.0,18.0,18.0,18.0,11.7575,0.005325,4,4,0.4286,soozhu_henan_hog_daily,complete_week,False,False,False,
2016-02-29,2016-03-06,18.549999999999997,18.525,18.7,18.0,19.0,11.532499999999999,0.006075,4,4,0.4286,soozhu_henan_hog_daily,complete_week,False,False,False,
2016-03-07,2016-03-13,18.6,18.599999999999998,19.0,18.2,19.0,11.066666666666668,0.006816666666666666,6,6,0.1429,soozhu_henan_hog_daily,complete_week,False,False,False,
2016-03-14,2016-03-20,19.2,19.133333333333336,19.6,18.6,19.6,11.226666666666667,0.007,3,3,0.5714,soozhu_henan_hog_daily,partial_week,False,False,False,sparse_week
2016-03-21,2016-03-27,19.45,17.225,10.0,10.0,20.0,11.795,0.004625,4,4,0.4286,soozhu_henan_hog_daily,complete_week,False,False,False,
2016-03-28,2016-04-03,19.775,19.775,19.75,19.75,19.8,12.32,0.00605,2,2,0.7143,soozhu_henan_hog_daily,partial_week,False,False,False,sparse_week
2016-04-04,2016-04-10,19.8,19.8,19.8,19.8,19.8,12.38,0.006,1,1,0.8571,soozhu_henan_hog_daily,partial_week,False,False,False,sparse_week
2016-04-11,2016-04-17,19.75,19.75,19.8,19.7,19.8,12.415,0.00595,2,2,0.7143,soozhu_henan_hog_daily,partial_week,False,False,False,sparse_week
2016-04-18,2016-04-24,20.0,20.025,20.1,20.0,20.1,13.26,0.005125,4,4,0.4286,soozhu_henan_hog_daily,complete_week,False,False,False,
2016-04-25,2016-05-01,20.05,20.025,20.1,19.8,20.2,13.3625,0.004975,4,4,0.4286,soozhu_henan_hog_daily,complete_week,False,True,False,holiday_window
2016-05-02,2016-05-08,20.5,20.516666666666666,20.7,20.4,20.7,13.638333333333334,0.00505,6,6,0.1429,soozhu_henan_hog_daily,complete_week,False,True,False,holiday_window
2016-05-09,2016-05-15,20.4,20.4,20.1,20.1,20.7,13.79,0.004775,4,4,0.4286,soozhu_henan_hog_daily,complete_week,False,False,False,
2016-05-16,2016-05-22,,,,,,,,0,0,1.0,soozhu_henan_hog_daily,empty_week,True,False,False,week_missing
2016-05-23,2016-05-29,20.65,20.725,21.0,20.6,21.0,13.9925,0.0048,4,4,0.4286,soozhu_henan_hog_daily,complete_week,False,False,False,
2016-05-30,2016-06-05,,,,,,,,0,0,1.0,soozhu_henan_hog_daily,empty_week,True,False,False,week_missing
2016-06-06,2016-06-12,20.6,20.650000000000002,20.6,20.6,20.8,14.6625,0.0041,4,4,0.4286,soozhu_henan_hog_daily,complete_week,False,False,False,
2016-06-13,2016-06-19,19.700000000000003,19.450000000000003,19.8,18.6,19.8,14.975,0.002975,4,4,0.4286,soozhu_henan_hog_daily,complete_week,False,False,False,
2016-06-20,2016-06-26,19.4,19.45,19.35,19.35,19.6,15.236666666666666,0.002766666666666667,3,3,0.5714,soozhu_henan_hog_daily,partial_week,False,False,False,sparse_week
2016-06-27,2016-07-03,18.3,18.3,18.0,18.0,18.6,15.975,0.00145,2,2,0.7143,soozhu_henan_hog_daily,partial_week,False,False,False,sparse_week
2016-07-04,2016-07-10,18.55,18.55,18.5,18.5,18.6,17.04,0.0009,2,2,0.7143,soozhu_henan_hog_daily,partial_week,False,False,False,sparse_week
2016-07-11,2016-07-17,17.95,17.975,17.9,17.8,18.2,17.13,0.0005,4,4,0.4286,soozhu_henan_hog_daily,complete_week,False,False,False,
2016-07-18,2016-07-24,18.1,18.1,18.2,18.0,18.2,17.475,0.00035,2,2,0.7143,soozhu_henan_hog_daily,partial_week,False,False,False,sparse_week
2016-07-25,2016-07-31,17.9,17.9,17.8,17.8,18.0,17.785,5e-05,2,2,0.7143,soozhu_henan_hog_daily,partial_week,False,False,False,sparse_week
2016-08-01,2016-08-07,18.1,18.098333333333333,18.33,17.8,18.46,18.221666666666668,-6.666666666666667e-05,6,6,0.1429,soozhu_henan_hog_daily,complete_week,False,False,False,
2016-08-08,2016-08-14,18.4,18.416666666666668,18.2,18.2,18.6,18.36,3.3333333333333335e-05,6,6,0.1429,soozhu_henan_hog_daily,complete_week,False,False,False,
2016-08-15,2016-08-21,18.2,18.233333333333334,18.2,18.2,18.3,17.930000000000003,0.00016666666666666666,3,3,0.5714,soozhu_henan_hog_daily,partial_week,False,False,False,sparse_week
2016-08-22,2016-08-28,18.4,18.4,18.2,18.2,18.6,18.16,0.0001,2,2,0.7143,soozhu_henan_hog_daily,partial_week,False,False,False,sparse_week
2016-08-29,2016-09-04,18.200000000000003,18.2125,18.3,18.0,18.45,17.9375,0.00015000000000000001,4,4,0.4286,soozhu_henan_hog_daily,complete_week,False,False,False,
2016-09-05,2016-09-11,17.9,17.9625,17.8,17.8,18.25,17.975,-2.5e-05,4,4,0.4286,soozhu_henan_hog_daily,complete_week,False,False,False,
2016-09-12,2016-09-18,17.700000000000003,17.55,17.0,17.0,17.8,17.4375,4.9999999999999996e-05,5,4,0.4286,soozhu_henan_hog_daily,complete_week,False,False,False,
2016-09-19,2016-09-25,17.775,17.858333333333334,17.6,17.6,18.4,17.05,0.0004833333333333333,6,6,0.1429,soozhu_henan_hog_daily,complete_week,False,False,False,
2016-09-26,2016-10-02,16.85,16.925,16.8,16.8,17.2,17.0425,-5e-05,4,4,0.4286,soozhu_henan_hog_daily,complete_week,False,True,False,holiday_window
2016-10-03,2016-10-09,16.8,16.8,16.8,16.8,16.8,17.1375,-0.00017500000000000003,4,4,0.4286,soozhu_henan_hog_daily,complete_week,False,True,False,holiday_window
2016-10-10,2016-10-16,16.2,16.2,16.0,16.0,16.4,16.925,-0.00045,2,2,0.7143,soozhu_henan_hog_daily,partial_week,False,False,False,sparse_week
2016-10-17,2016-10-23,15.965,15.979999999999999,16.05,15.8,16.2,15.903333333333334,6.666666666666667e-05,6,6,0.1429,soozhu_henan_hog_daily,complete_week,False,False,False,
2016-10-24,2016-10-30,16.2,16.2,16.4,16.0,16.4,16.095,7.500000000000001e-05,4,4,0.4286,soozhu_henan_hog_daily,complete_week,False,False,False,
2016-10-31,2016-11-06,16.4,16.339999999999996,16.4,16.2,16.4,15.808000000000002,0.00035999999999999997,5,5,0.2857,soozhu_henan_hog_daily,complete_week,False,False,False,
2016-11-07,2016-11-13,16.45,16.466666666666665,16.6,16.4,16.6,15.88,0.00036666666666666667,6,6,0.1429,soozhu_henan_hog_daily,complete_week,False,False,False,
2016-11-14,2016-11-20,16.5,16.5,16.4,16.4,16.6,15.9625,0.000325,4,4,0.4286,soozhu_henan_hog_daily,complete_week,False,False,False,
2016-11-21,2016-11-27,16.3,16.316666666666666,16.3,16.2,16.5,16.228333333333335,5e-05,6,6,0.1429,soozhu_henan_hog_daily,complete_week,False,False,False,
2016-11-28,2016-12-04,16.525,16.508333333333333,16.6,16.4,16.6,16.378333333333334,8.333333333333333e-05,6,6,0.1429,soozhu_henan_hog_daily,complete_week,False,False,False,
2016-12-05,2016-12-11,17.0,17.0,16.6,16.6,17.2,16.27,0.00046,5,5,0.2857,soozhu_henan_hog_daily,complete_week,False,False,False,
2016-12-12,2016-12-18,17.2,16.95,16.45,16.45,17.2,16.286666666666665,0.00039999999999999996,3,3,0.5714,soozhu_henan_hog_daily,partial_week,False,False,False,sparse_week
2016-12-19,2016-12-25,17.2,17.150000000000002,17.3,16.95,17.3,16.266666666666666,0.0005333333333333333,3,3,0.5714,soozhu_henan_hog_daily,partial_week,False,False,False,sparse_week
2016-12-26,2017-01-01,17.6,17.666666666666668,17.6,17.6,17.8,16.05333333333333,0.0010333333333333334,3,3,0.5714,soozhu_henan_hog_daily,partial_week,False,False,False,sparse_week
2017-01-02,2017-01-08,18.1,18.1,18.2,18.0,18.2,17.18,0.0005499999999999999,4,4,0.4286,soozhu_henan_hog_daily,complete_week,False,False,False,
2017-01-09,2017-01-15,18.0,17.933333333333334,18.0,17.8,18.0,17.715,0.00011666666666666668,6,6,0.1429,soozhu_henan_hog_daily,complete_week,False,False,False,
2017-01-16,2017-01-22,18.0,18.2,18.0,18.0,18.8,17.7875,0.000225,4,4,0.4286,soozhu_henan_hog_daily,complete_week,False,True,False,holiday_window
2017-01-23,2017-01-29,17.8,17.8,17.8,17.8,17.8,18.0,-0.0001,1,1,0.8571,soozhu_henan_hog_daily,partial_week,False,True,False,sparse_week; holiday_window
2017-01-30,2017-02-05,,,,,,,,0,0,1.0,soozhu_henan_hog_daily,empty_week,True,True,False,week_missing; holiday_window
2017-02-06,2017-02-12,16.5,16.466666666666665,16.5,16.4,16.5,18.866666666666667,-0.0012666666666666666,4,3,0.5714,soozhu_henan_hog_daily,partial_week,False,True,False,sparse_week; holiday_window
2017-02-13,2017-02-19,16.8,17.46666666666667,16.8,16.8,18.8,18.53333333333333,-0.0005666666666666667,5,3,0.5714,soozhu_henan_hog_daily,partial_week,False,True,False,sparse_week; holiday_window
2017-02-20,2017-02-26,16.87,16.844285714285714,16.57,16.57,17.0,15.777142857142858,0.0010285714285714286,7,7,0.0,soozhu_henan_hog_daily,complete_week,False,True,False,holiday_window
2017-02-27,2017-03-05,16.28,16.291428571428572,16.2,16.07,16.6,14.461428571428572,0.0016285714285714287,7,7,0.0,soozhu_henan_hog_daily,complete_week,False,False,False,
2017-03-06,2017-03-12,15.9,15.844285714285714,15.5,15.5,16.05,15.114285714285714,0.0010714285714285715,7,7,0.0,soozhu_henan_hog_daily,complete_week,False,False,False,
2017-03-13,2017-03-19,15.68,15.597142857142856,15.95,15.25,15.95,18.97142857142857,-0.0017857142857142857,7,7,0.0,soozhu_henan_hog_daily,complete_week,False,False,False,
2017-03-20,2017-03-26,16.05,16.02,16.05,15.81,16.13,19.72,-0.0019,7,7,0.0,soozhu_henan_hog_daily,complete_week,False,False,False,
2017-03-27,2017-04-02,15.7,15.704285714285714,15.65,15.5,15.93,19.325714285714287,-0.0018428571428571428,7,7,0.0,soozhu_henan_hog_daily,complete_week,False,False,False,
2017-04-03,2017-04-09,15.8,15.791666666666666,15.8,15.68,15.9,19.708333333333332,-0.0019833333333333335,6,6,0.1429,soozhu_henan_hog_daily,complete_week,False,False,False,
2017-04-10,2017-04-16,15.6,15.459999999999999,15.1,15.1,15.6,19.772,-0.00218,5,5,0.2857,soozhu_henan_hog_daily,complete_week,False,False,False,
2017-04-17,2017-04-23,14.785,14.728333333333333,14.25,14.25,15.25,19.905,-0.0026,6,6,0.1429,soozhu_henan_hog_daily,complete_week,False,False,False,
2017-04-24,2017-04-30,14.6,14.588333333333333,14.6,14.33,14.8,20.073333333333334,-0.002716666666666667,6,6,0.1429,soozhu_henan_hog_daily,complete_week,False,False,False,
2017-05-01,2017-05-07,14.274999999999999,14.25,14.2,14.0,14.5,20.411666666666665,-0.0030333333333333336,6,6,0.1429,soozhu_henan_hog_daily,complete_week,False,True,False,holiday_window
2017-05-08,2017-05-14,13.9,14.047142857142857,13.73,13.6,15.25,20.312857142857144,-0.0031,7,7,0.0,soozhu_henan_hog_daily,complete_week,False,False,False,
2017-05-15,2017-05-21,13.4,13.41,13.6,13.1,13.6,20.534,-0.0034799999999999996,7,5,0.2857,soozhu_henan_hog_daily,complete_week,False,False,False,
2017-05-22,2017-05-28,13.4,13.25,12.75,12.75,13.6,20.8,-0.0036333333333333335,4,3,0.5714,soozhu_henan_hog_daily,partial_week,False,False,False,sparse_week
2017-05-29,2017-06-04,12.65,12.614285714285714,12.65,12.35,12.9,20.94,-0.003971428571428571,7,7,0.0,soozhu_henan_hog_daily,complete_week,False,False,False,
2017-06-05,2017-06-11,13.125,13.158333333333333,13.7,12.83,13.7,20.69,-0.00365,6,6,0.1429,soozhu_henan_hog_daily,complete_week,False,False,False,
2017-06-12,2017-06-18,13.765,13.755,13.6,13.6,14.0,19.768333333333334,-0.00305,7,6,0.1429,soozhu_henan_hog_daily,complete_week,False,False,False,
2017-06-19,2017-06-25,13.6,13.611428571428572,14.05,13.25,14.05,19.467142857142857,-0.003,7,7,0.0,soozhu_henan_hog_daily,complete_week,False,False,False,
2017-06-26,2017-07-02,13.9,13.95,13.9,13.9,14.1,18.3,-0.002375,5,4,0.4286,soozhu_henan_hog_daily,complete_week,False,False,False,
2017-07-03,2017-07-09,14.1,14.059999999999999,14.2,13.9,14.2,18.369999999999997,-0.0023399999999999996,6,5,0.2857,soozhu_henan_hog_daily,complete_week,False,False,False,
2017-07-10,2017-07-16,14.0,14.0,13.9,13.9,14.1,18.09,-0.0023,2,2,0.7143,soozhu_henan_hog_daily,partial_week,False,False,False,sparse_week
2017-07-17,2017-07-23,13.8,13.8,13.8,13.8,13.8,18.2,-0.0024,1,1,0.8571,soozhu_henan_hog_daily,partial_week,False,False,False,sparse_week
2017-07-24,2017-07-30,13.649999999999999,13.649999999999999,13.7,13.6,13.7,18.025,-0.0024000000000000002,2,2,0.7143,soozhu_henan_hog_daily,partial_week,False,False,False,sparse_week
2017-07-31,2017-08-06,14.15,14.2625,14.8,13.95,14.8,17.9175,-0.0020499999999999997,4,4,0.4286,soozhu_henan_hog_daily,complete_week,False,False,False,
2017-08-07,2017-08-13,14.4,14.416666666666666,14.2,14.2,14.7,18.513333333333332,-0.0022,6,6,0.1429,soozhu_henan_hog_daily,complete_week,False,False,False,
2017-08-14,2017-08-20,14.6,14.533333333333333,14.6,14.4,14.6,18.36,-0.0021,3,3,0.5714,soozhu_henan_hog_daily,partial_week,False,False,False,sparse_week
2017-08-21,2017-08-27,14.825,14.808333333333332,14.6,14.6,15.0,18.363333333333333,-0.0019333333333333331,6,6,0.1429,soozhu_henan_hog_daily,complete_week,False,False,False,
2017-08-28,2017-09-03,14.5,14.583333333333334,14.9,14.4,14.9,18.268333333333334,-0.0020166666666666666,6,6,0.1429,soozhu_henan_hog_daily,complete_week,False,False,False,
2017-09-04,2017-09-10,14.7,14.725,14.5,14.5,15.0,18.2375,-0.001925,4,4,0.4286,soozhu_henan_hog_daily,complete_week,False,False,False,
2017-09-11,2017-09-17,14.3,14.404,14.7,14.2,14.7,17.868000000000002,-0.00194,6,5,0.2857,soozhu_henan_hog_daily,complete_week,False,False,False,
2017-09-18,2017-09-24,14.2,14.185714285714285,13.9,13.9,14.4,17.75,-0.0019857142857142855,7,7,0.0,soozhu_henan_hog_daily,complete_week,False,False,False,
2017-09-25,2017-10-01,14.2,14.12,14.2,13.9,14.3,16.952,-0.00166,5,5,0.2857,soozhu_henan_hog_daily,complete_week,False,True,False,holiday_window
2017-10-02,2017-10-08,14.2,14.180000000000001,14.2,14.1,14.3,16.880000000000003,-0.0015800000000000002,5,5,0.2857,soozhu_henan_hog_daily,complete_week,False,True,False,holiday_window
2017-10-09,2017-10-15,14.0,14.016666666666666,13.9,13.9,14.1,15.963333333333333,-0.0012166666666666667,6,6,0.1429,soozhu_henan_hog_daily,complete_week,False,False,False,
2017-10-16,2017-10-22,13.9,13.925,14.0,13.9,14.0,15.875,-0.0012499999999999998,4,4,0.4286,soozhu_henan_hog_daily,complete_week,False,False,False,
2017-10-23,2017-10-29,13.9,13.9,13.8,13.8,14.0,16.275,-0.0015,2,2,0.7143,soozhu_henan_hog_daily,partial_week,False,False,False,sparse_week
2017-10-30,2017-11-05,,,,,,,,0,0,1.0,soozhu_henan_hog_daily,empty_week,True,False,False,week_missing
2017-11-06,2017-11-12,,,,,,,,0,0,1.0,soozhu_henan_hog_daily,empty_week,True,False,False,week_missing
2017-11-13,2017-11-19,,,,,,,,0,0,1.0,soozhu_henan_hog_daily,empty_week,True,False,False,week_missing
2017-11-20,2017-11-26,14.2,14.166666666666666,14.4,14.0,14.4,16.32166666666667,-0.0013166666666666665,6,6,0.1429,soozhu_henan_hog_daily,complete_week,False,False,False,
2017-11-27,2017-12-03,14.475,14.475,14.6,14.35,14.6,16.4,-0.0012000000000000001,2,2,0.7143,soozhu_henan_hog_daily,partial_week,False,False,False,sparse_week
2017-12-04,2017-12-10,15.2,15.166666666666666,15.0,15.0,15.3,16.988333333333333,-0.0010666666666666665,6,6,0.1429,soozhu_henan_hog_daily,complete_week,False,False,False,
2017-12-11,2017-12-17,15.0,14.984,15.1,14.82,15.1,17.04,-0.00118,5,5,0.2857,soozhu_henan_hog_daily,complete_week,False,False,False,
2017-12-18,2017-12-24,15.0,14.966666666666667,14.9,14.9,15.0,16.983333333333334,-0.0012,3,3,0.5714,soozhu_henan_hog_daily,partial_week,False,False,False,sparse_week
2017-12-25,2017-12-31,15.1,15.075,15.0,15.0,15.1,17.6,-0.001425,4,4,0.4286,soozhu_henan_hog_daily,complete_week,False,False,False,
2018-01-01,2018-01-07,15.2,15.2,15.2,15.2,15.2,18.0,-0.0016,1,1,0.8571,soozhu_henan_hog_daily,partial_week,False,False,False,sparse_week
2018-01-08,2018-01-14,16.0,15.933333333333332,15.2,15.2,16.6,18.096666666666664,-0.0012,3,3,0.5714,soozhu_henan_hog_daily,partial_week,False,False,False,sparse_week
2018-01-15,2018-01-21,15.0,14.966666666666667,14.9,14.9,15.0,18.16,-0.0017666666666666666,3,3,0.5714,soozhu_henan_hog_daily,partial_week,False,True,False,sparse_week; holiday_window
2018-01-22,2018-01-28,14.850000000000001,14.850000000000001,14.9,14.8,14.9,17.85,-0.00165,4,2,0.7143,soozhu_henan_hog_daily,partial_week,False,True,False,sparse_week; holiday_window
2018-01-29,2018-02-04,,,,,,,,2,0,1.0,soozhu_henan_hog_daily,empty_week,True,True,False,week_missing; holiday_window
2018-02-05,2018-02-11,12.4,12.4,12.4,12.4,12.4,16.5,-0.00245,2,2,0.7143,soozhu_henan_hog_daily,partial_week,False,True,False,sparse_week; holiday_window
2018-02-12,2018-02-18,13.0,13.0,13.0,13.0,13.0,16.6,-0.0022,1,1,0.8571,soozhu_henan_hog_daily,partial_week,False,True,False,sparse_week; holiday_window
2018-02-19,2018-02-25,13.149999999999999,13.149999999999999,13.6,12.7,13.6,16.990000000000002,-0.0023,2,2,0.7143,soozhu_henan_hog_daily,partial_week,False,True,False,sparse_week; holiday_window
2018-02-26,2018-03-04,13.6,13.6,11.2,11.2,16.0,16.314999999999998,-0.0017,2,2,0.7143,soozhu_henan_hog_daily,partial_week,False,False,False,sparse_week
2018-03-05,2018-03-11,11.75,11.75,12.5,11.0,12.5,16.055,-0.00265,2,2,0.7143,soozhu_henan_hog_daily,partial_week,False,False,False,sparse_week
2018-03-12,2018-03-18,11.2,11.2,11.2,11.2,11.2,15.48,-0.0028,1,1,0.8571,soozhu_henan_hog_daily,partial_week,False,False,False,sparse_week
2018-03-19,2018-03-25,10.1,10.025,9.25,9.25,10.5,16.018333333333334,-0.00375,6,6,0.1429,soozhu_henan_hog_daily,complete_week,False,False,False,
2018-03-26,2018-04-01,,,,,,,,0,0,1.0,soozhu_henan_hog_daily,empty_week,True,False,False,week_missing
2018-04-02,2018-04-08,9.805,9.81,9.93,9.63,10.0,15.78,-0.0037749999999999997,4,4,0.4286,soozhu_henan_hog_daily,complete_week,False,False,False,
2018-04-09,2018-04-15,10.0,9.92,10.1,9.5,10.2,15.446000000000002,-0.00358,5,5,0.2857,soozhu_henan_hog_daily,complete_week,False,False,False,
2018-04-16,2018-04-22,9.850000000000001,9.875,10.0,9.8,10.0,14.9025,-0.003375,4,4,0.4286,soozhu_henan_hog_daily,complete_week,False,False,False,
2018-04-23,2018-04-29,9.88,9.896,9.92,9.83,9.98,14.581999999999999,-0.0032199999999999998,5,5,0.2857,soozhu_henan_hog_daily,complete_week,False,False,False,
2018-04-30,2018-05-06,9.7,9.766666666666666,9.6,9.6,10.0,14.286666666666667,-0.0031333333333333335,4,3,0.5714,soozhu_henan_hog_daily,partial_week,False,True,False,sparse_week; holiday_window
2018-05-07,2018-05-13,10.0,10.0,10.0,10.0,10.0,14.6,-0.0031,2,2,0.7143,soozhu_henan_hog_daily,partial_week,False,False,False,sparse_week
2018-05-14,2018-05-20,9.815000000000001,9.8325,9.8,9.8,9.9,13.52,-0.002725,4,4,0.4286,soozhu_henan_hog_daily,complete_week,False,False,False,
2018-05-21,2018-05-27,10.6,10.597142857142858,11.0,9.99,11.5,13.209999999999999,-0.0019714285714285715,7,7,0.0,soozhu_henan_hog_daily,complete_week,False,False,False,
2018-05-28,2018-06-03,11.0,11.012857142857143,10.9,10.9,11.2,12.59,-0.0012428571428571428,7,7,0.0,soozhu_henan_hog_daily,complete_week,False,False,False,
2018-06-04,2018-06-10,11.16,11.11,11.18,10.94,11.2,12.966666666666667,-0.0014166666666666668,6,6,0.1429,soozhu_henan_hog_daily,complete_week,False,False,False,
2018-06-11,2018-06-17,11.4,11.37142857142857,11.58,11.08,11.58,13.797142857142857,-0.001757142857142857,7,7,0.0,soozhu_henan_hog_daily,complete_week,False,False,False,
2018-06-18,2018-06-24,11.375,11.344999999999999,11.37,11.25,11.4,13.538333333333334,-0.0016333333333333332,6,6,0.1429,soozhu_henan_hog_daily,complete_week,False,False,False,
2018-06-25,2018-07-01,11.39,11.401666666666666,11.35,11.28,11.6,13.938333333333333,-0.0018166666666666667,7,6,0.1429,soozhu_henan_hog_daily,complete_week,False,False,False,
2018-07-02,2018-07-08,11.635,11.711666666666666,12.0,11.45,12.0,13.991666666666667,-0.0016333333333333332,6,6,0.1429,soozhu_henan_hog_daily,complete_week,False,False,False,
2018-07-09,2018-07-15,12.4,12.386666666666665,12.4,12.13,12.75,13.938333333333333,-0.0011,6,6,0.1429,soozhu_henan_hog_daily,complete_week,False,False,False,
2018-07-16,2018-07-22,12.6,12.594,13.0,12.2,13.0,13.95,-0.00098,6,5,0.2857,soozhu_henan_hog_daily,complete_week,False,False,False,
2018-07-23,2018-07-29,13.4,13.4,13.4,13.4,13.4,13.8,-0.0003,2,1,0.8571,soozhu_henan_hog_daily,partial_week,False,False,False,sparse_week
2018-07-30,2018-08-05,13.7,13.633333333333333,13.7,13.4,13.8,14.256666666666668,-0.0004333333333333333,4,3,0.5714,soozhu_henan_hog_daily,partial_week,False,False,False,sparse_week
2018-08-06,2018-08-12,14.065,14.0825,14.1,14.0,14.2,14.2475,-0.0001,4,4,0.4286,soozhu_henan_hog_daily,complete_week,False,False,False,
2018-08-13,2018-08-19,13.9,13.683333333333332,13.1,13.1,14.05,14.346666666666666,-0.00046666666666666666,3,3,0.5714,soozhu_henan_hog_daily,partial_week,False,False,False,sparse_week
2018-08-20,2018-08-26,13.465,13.465,13.43,13.43,13.5,14.5,-0.0007,2,2,0.7143,soozhu_henan_hog_daily,partial_week,False,False,False,sparse_week
2018-08-27,2018-09-02,13.375,13.4,13.25,13.0,13.8,14.538333333333334,-0.0007833333333333334,6,6,0.1429,soozhu_henan_hog_daily,complete_week,False,False,False,
2018-09-03,2018-09-09,13.6,13.533333333333333,13.6,13.4,13.6,14.676666666666668,-0.0007666666666666667,3,3,0.5714,soozhu_henan_hog_daily,partial_week,False,False,False,sparse_week
2018-09-10,2018-09-16,13.1,13.1,13.0,13.0,13.2,14.35,-0.0008500000000000001,2,2,0.7143,soozhu_henan_hog_daily,partial_week,False,False,False,sparse_week
2018-09-17,2018-09-23,,,,,,,,0,0,1.0,soozhu_henan_hog_daily,empty_week,True,False,False,week_missing
2018-09-24,2018-09-30,11.1,11.1,11.1,11.1,11.1,14.05,-0.0021,1,1,0.8571,soozhu_henan_hog_daily,partial_week,False,False,False,sparse_week
2018-10-01,2018-10-07,12.2,12.2,13.0,11.4,13.0,14.05,-0.0013,2,2,0.7143,soozhu_henan_hog_daily,partial_week,False,True,False,sparse_week; holiday_window
2018-10-08,2018-10-14,12.3,12.385714285714286,12.22,12.0,12.9,14.035714285714286,-0.0011857142857142858,7,7,0.0,soozhu_henan_hog_daily,complete_week,False,False,False,
2018-10-15,2018-10-21,12.1,12.071428571428571,11.75,11.75,12.4,13.934285714285716,-0.0013428571428571428,7,7,0.0,soozhu_henan_hog_daily,complete_week,False,False,False,
2018-10-22,2018-10-28,11.850000000000001,11.875,11.82,11.8,12.0,13.9175,-0.001475,7,4,0.4286,soozhu_henan_hog_daily,complete_week,False,False,False,
2018-10-29,2018-11-04,12.31,13.08,12.31,11.93,15.0,13.833333333333334,-0.0005333333333333334,7,3,0.5714,soozhu_henan_hog_daily,partial_week,False,False,False,sparse_week
2018-11-05,2018-11-11,11.73,11.733333333333334,11.73,11.61,11.86,13.950000000000001,-0.0015666666666666667,7,3,0.5714,soozhu_henan_hog_daily,partial_week,False,False,False,sparse_week
2018-11-12,2018-11-18,11.495,11.62,10.76,10.76,12.73,13.9925,-0.001675,7,4,0.4286,soozhu_henan_hog_daily,complete_week,False,False,False,
2018-11-19,2018-11-25,10.54,10.55,10.59,10.43,10.67,14.116,-0.00252,7,5,0.2857,soozhu_henan_hog_daily,complete_week,False,False,False,
2018-11-26,2018-12-02,11.25,11.153333333333334,11.25,10.94,11.27,14.433333333333332,-0.0022666666666666664,7,3,0.5714,soozhu_henan_hog_daily,partial_week,False,False,False,sparse_week
2018-12-03,2018-12-09,11.28,11.32,11.24,11.24,11.47,15.041666666666666,-0.0024833333333333335,7,6,0.1429,soozhu_henan_hog_daily,complete_week,False,False,False,
2018-12-10,2018-12-16,11.03,10.99,10.98,10.46,11.26,14.934000000000001,-0.00262,7,5,0.2857,soozhu_henan_hog_daily,complete_week,False,False,False,
2018-12-17,2018-12-23,10.985,10.995,10.89,10.55,11.4,14.993333333333332,-0.00265,7,6,0.1429,soozhu_henan_hog_daily,complete_week,False,False,False,
2018-12-24,2018-12-30,10.97,10.918000000000001,11.0,10.67,11.14,15.01,-0.00272,7,5,0.2857,soozhu_henan_hog_daily,complete_week,False,False,False,
2018-12-31,2019-01-06,11.5,11.346666666666666,11.57,10.97,11.57,15.216666666666667,-0.002533333333333333,7,3,0.5714,soozhu_henan_hog_daily,partial_week,False,False,False,sparse_week
2019-01-07,2019-01-13,11.22,11.224,11.22,10.96,11.48,15.546000000000001,-0.00278,7,5,0.2857,soozhu_henan_hog_daily,complete_week,False,False,False,
2019-01-14,2019-01-20,10.47,10.553999999999998,10.2,10.2,10.94,15.156,-0.00304,7,5,0.2857,soozhu_henan_hog_daily,complete_week,False,True,False,holiday_window
2019-01-21,2019-01-27,10.18,10.16,10.0,9.97,10.35,14.830000000000002,-0.0031600000000000005,7,5,0.2857,soozhu_henan_hog_daily,complete_week,False,True,False,holiday_window
2019-01-28,2019-02-03,10.34,10.313333333333333,10.4,10.2,10.4,14.276666666666666,-0.002766666666666667,6,3,0.5714,soozhu_henan_hog_daily,partial_week,False,True,False,sparse_week; holiday_window
2019-02-04,2019-02-10,,,,,,,,1,0,1.0,soozhu_henan_hog_daily,empty_week,True,True,False,week_missing; holiday_window
2019-02-11,2019-02-17,11.125,11.1125,10.6,10.6,11.6,12.925,-0.0014,6,4,0.4286,soozhu_henan_hog_daily,complete_week,False,True,False,holiday_window
2019-02-18,2019-02-24,11.79,11.729999999999999,11.79,11.6,11.8,12.583333333333334,-0.0006333333333333333,6,3,0.5714,soozhu_henan_hog_daily,partial_week,False,True,False,sparse_week; holiday_window
2019-02-25,2019-03-03,11.559999999999999,11.559999999999999,11.54,11.54,11.58,13.475,-0.0011,6,2,0.7143,soozhu_henan_hog_daily,partial_week,False,False,False,sparse_week
2019-03-04,2019-03-10,14.7,14.089999999999998,16.13,12.0,16.13,11.28,0.00252,7,5,0.2857,soozhu_henan_hog_daily,complete_week,False,False,False,
2019-03-11,2019-03-17,14.8,14.986666666666666,15.7,14.73,15.7,10.674999999999999,0.004066666666666666,7,6,0.1429,soozhu_henan_hog_daily,complete_week,False,False,False,
2019-03-18,2019-03-24,15.3,15.385,15.27,15.1,15.84,10.09,0.005225,5,4,0.4286,soozhu_henan_hog_daily,complete_week,False,False,False,
2019-03-25,2019-03-31,14.9,14.9,14.8,14.8,15.0,9.8,0.0052,6,2,0.7143,soozhu_henan_hog_daily,partial_week,False,False,False,sparse_week
2019-04-01,2019-04-07,15.085,15.166666666666666,14.9,14.9,15.8,9.951666666666666,0.00525,7,6,0.1429,soozhu_henan_hog_daily,complete_week,False,False,False,
2019-04-08,2019-04-14,14.715,14.826666666666668,14.8,14.4,15.6,10.023333333333333,0.0048,6,6,0.1429,soozhu_henan_hog_daily,complete_week,False,False,False,
2019-04-15,2019-04-21,14.52,14.463333333333333,14.6,14.16,14.7,9.971666666666666,0.004516666666666666,6,6,0.1429,soozhu_henan_hog_daily,complete_week,False,False,False,
2019-04-22,2019-04-28,14.7,14.648571428571428,14.2,14.2,14.88,9.845714285714285,0.004885714285714286,7,7,0.0,soozhu_henan_hog_daily,complete_week,False,False,False,
2019-04-29,2019-05-05,14.69,14.738,14.8,14.6,15.0,9.703999999999999,0.00518,6,5,0.2857,soozhu_henan_hog_daily,complete_week,False,True,False,holiday_window
2019-05-06,2019-05-12,14.4,14.376,14.23,13.87,14.71,9.806000000000001,0.004679999999999999,5,5,0.2857,soozhu_henan_hog_daily,complete_week,False,False,False,
2019-05-13,2019-05-19,14.985,15.01,14.8,14.8,15.27,9.7675,0.00535,4,4,0.4286,soozhu_henan_hog_daily,complete_week,False,False,False,
2019-05-20,2019-05-26,14.8,14.809999999999999,15.0,14.65,15.0,10.422,0.00422,6,5,0.2857,soozhu_henan_hog_daily,complete_week,False,False,False,
2019-05-27,2019-06-02,15.2,15.040000000000001,15.3,14.7,15.3,10.984,0.00368,5,5,0.2857,soozhu_henan_hog_daily,complete_week,False,False,False,
2019-06-03,2019-06-09,15.25,15.280000000000001,15.3,15.18,15.4,11.071666666666667,0.0038166666666666666,6,6,0.1429,soozhu_henan_hog_daily,complete_week,False,False,False,
2019-06-10,2019-06-16,15.91,15.823333333333332,16.1,15.46,16.1,11.38,0.0039000000000000003,3,3,0.5714,soozhu_henan_hog_daily,partial_week,False,False,False,sparse_week
2019-06-17,2019-06-23,17.01,17.154000000000003,17.64,16.57,17.68,11.404,0.00504,5,5,0.2857,soozhu_henan_hog_daily,complete_week,False,False,False,
2019-06-24,2019-06-30,17.8,17.786666666666665,17.8,17.6,17.96,11.446666666666667,0.005566666666666667,3,3,0.5714,soozhu_henan_hog_daily,partial_week,False,False,False,sparse_week
2019-07-01,2019-07-07,17.0,17.05,17.05,17.0,17.2,11.586,0.004739999999999999,5,5,0.2857,soozhu_henan_hog_daily,complete_week,False,False,False,
2019-07-08,2019-07-14,17.05,17.05,17.05,17.05,17.05,12.0,0.0042,1,1,0.8571,soozhu_henan_hog_daily,partial_week,False,False,False,sparse_week
2019-07-15,2019-07-21,18.04,18.195,19.1,17.6,19.1,12.2575,0.00485,4,4,0.4286,soozhu_henan_hog_daily,complete_week,False,False,False,
2019-07-22,2019-07-28,18.0,18.003333333333334,18.0,17.92,18.09,13.066666666666668,0.0038,3,3,0.5714,soozhu_henan_hog_daily,partial_week,False,False,False,sparse_week
2019-07-29,2019-08-04,18.025,18.025,18.0,18.0,18.05,13.365,0.0034999999999999996,3,2,0.7143,soozhu_henan_hog_daily,partial_week,False,False,False,sparse_week
2019-08-05,2019-08-11,19.41,19.256,20.0,18.2,20.0,13.797999999999998,0.00398,5,5,0.2857,soozhu_henan_hog_daily,complete_week,False,False,False,
2019-08-12,2019-08-18,21.405,21.405,20.98,20.98,21.83,14.075,0.0052,3,2,0.7143,soozhu_henan_hog_daily,partial_week,False,False,False,sparse_week
2019-08-19,2019-08-25,24.25,24.326666666666668,26.0,23.3,26.0,13.483333333333334,0.008033333333333333,7,6,0.1429,soozhu_henan_hog_daily,complete_week,False,False,False,
2019-08-26,2019-09-01,26.86,26.694,26.92,26.0,27.2,13.325999999999999,0.01004,5,5,0.2857,soozhu_henan_hog_daily,complete_week,False,False,False,
2019-09-02,2019-09-08,26.115000000000002,26.201666666666668,26.6,26.0,26.6,13.403333333333334,0.009550000000000001,6,6,0.1429,soozhu_henan_hog_daily,complete_week,False,False,False,
2019-09-09,2019-09-15,26.759999999999998,26.8425,26.6,26.6,27.25,13.3675,0.010075,4,4,0.4286,soozhu_henan_hog_daily,complete_week,False,False,False,
2019-09-16,2019-09-22,27.26,27.27,27.35,27.2,27.35,11.233333333333334,0.0143,5,3,0.5714,soozhu_henan_hog_daily,partial_week,False,False,False,sparse_week
2019-09-23,2019-09-29,27.314999999999998,27.314999999999998,27.52,27.11,27.52,11.79,0.0132,5,2,0.7143,soozhu_henan_hog_daily,partial_week,False,False,False,sparse_week
2019-09-30,2019-10-06,28.655,28.655,30.07,27.24,30.07,11.75,0.0144,2,2,0.7143,soozhu_henan_hog_daily,partial_week,False,True,False,sparse_week; holiday_window
2019-10-07,2019-10-13,34.235,34.038333333333334,36.0,31.7,36.0,12.378333333333332,0.017533333333333335,6,6,0.1429,soozhu_henan_hog_daily,complete_week,False,True,False,holiday_window
2019-10-14,2019-10-20,35.22,35.118,35.7,34.4,35.7,12.276,0.0186,5,5,0.2857,soozhu_henan_hog_daily,complete_week,False,False,False,
2019-10-21,2019-10-27,39.97,39.712500000000006,39.85,38.64,40.27,11.754999999999999,0.0238,4,4,0.4286,soozhu_henan_hog_daily,complete_week,False,False,False,
2019-10-28,2019-11-03,39.81,39.692,38.88,38.88,40.17,11.82,0.02358,5,5,0.2857,soozhu_henan_hog_daily,complete_week,False,False,False,
2019-11-04,2019-11-10,37.17,37.085,36.0,36.0,38.0,11.7625,0.021525000000000002,4,4,0.4286,soozhu_henan_hog_daily,complete_week,False,False,False,
2019-11-11,2019-11-17,33.25,33.25,32.4,32.4,34.1,11.365,0.01925,2,2,0.7143,soozhu_henan_hog_daily,partial_week,False,False,False,sparse_week
2019-11-18,2019-11-24,30.525,30.619999999999997,30.83,29.43,32.0,10.445,0.019299999999999998,4,4,0.4286,soozhu_henan_hog_daily,complete_week,False,False,False,
2019-11-25,2019-12-01,29.87,29.964,29.08,28.71,31.34,11.16,0.01688,5,5,0.2857,soozhu_henan_hog_daily,complete_week,False,False,False,
2019-12-02,2019-12-08,32.84,33.052,32.94,32.6,34.05,11.298,0.01926,5,5,0.2857,soozhu_henan_hog_daily,complete_week,False,False,False,
2019-12-09,2019-12-15,32.47,32.472,32.13,32.13,32.8,11.192,0.01902,5,5,0.2857,soozhu_henan_hog_daily,complete_week,False,False,False,
2019-12-16,2019-12-22,33.345,33.1175,33.51,32.27,33.51,11.05,0.02,4,4,0.4286,soozhu_henan_hog_daily,complete_week,False,False,False,
2019-12-23,2019-12-29,33.1,32.792,33.51,31.5,33.51,10.742,0.02054,5,5,0.2857,soozhu_henan_hog_daily,complete_week,False,False,False,
2019-12-30,2020-01-05,34.4,34.43,36.0,33.53,36.0,11.108,0.02098,5,5,0.2857,soozhu_henan_hog_daily,complete_week,False,False,False,
2020-01-06,2020-01-12,35.4,35.57333333333333,35.39,35.39,35.93,11.203333333333333,0.021766666666666667,3,3,0.5714,soozhu_henan_hog_daily,partial_week,False,False,False,sparse_week
2020-01-13,2020-01-19,35.84,35.57857142857143,34.2,34.2,36.15,10.494285714285715,0.023942857142857144,7,7,0.0,soozhu_henan_hog_daily,complete_week,False,False,False,
2020-01-20,2020-01-26,36.2,36.4,36.0,36.0,37.0,10.073333333333332,0.02613333333333333,3,3,0.5714,soozhu_henan_hog_daily,partial_week,False,True,False,sparse_week; holiday_window
2020-01-27,2020-02-02,,,,,,,,0,0,1.0,soozhu_henan_hog_daily,empty_week,True,True,False,week_missing; holiday_window
2020-02-03,2020-02-09,,,,,,,,0,0,1.0,soozhu_henan_hog_daily,empty_week,True,True,False,week_missing; holiday_window
2020-02-10,2020-02-16,,,,,,,,0,0,1.0,soozhu_henan_hog_daily,empty_week,True,True,False,week_missing; holiday_window
2020-02-17,2020-02-23,36.2,36.2,35.4,35.4,37.0,11.55,0.02135,2,2,0.7143,soozhu_henan_hog_daily,partial_week,False,True,False,sparse_week; holiday_window
2020-02-24,2020-03-01,34.52,34.52,34.52,34.52,34.52,11.59,0.0198,1,1,0.8571,soozhu_henan_hog_daily,partial_week,False,False,False,sparse_week
2020-03-02,2020-03-08,35.1,35.333333333333336,34.8,34.8,36.1,12.023333333333333,0.019433333333333334,3,3,0.5714,soozhu_henan_hog_daily,partial_week,False,False,False,sparse_week
2020-03-09,2020-03-15,35.21,35.21,35.13,35.13,35.29,15.165,0.0133,2,2,0.7143,soozhu_henan_hog_daily,partial_week,False,False,False,sparse_week
2020-03-16,2020-03-22,,,,,,,,0,0,1.0,soozhu_henan_hog_daily,empty_week,True,False,False,week_missing
2020-03-23,2020-03-29,34.2,34.2,34.2,34.2,34.2,15.11,0.0126,1,1,0.8571,soozhu_henan_hog_daily,partial_week,False,False,False,sparse_week
2020-03-30,2020-04-05,33.15,33.15,33.15,33.15,33.15,15.09,0.012,1,1,0.8571,soozhu_henan_hog_daily,partial_week,False,False,False,sparse_week
2020-04-06,2020-04-12,32.18,32.18,32.18,32.18,32.18,14.67,0.0119,1,1,0.8571,soozhu_henan_hog_daily,partial_week,False,False,False,sparse_week
2020-04-13,2020-04-19,32.7,32.7,32.4,32.4,33.0,14.315,0.0128,2,2,0.7143,soozhu_henan_hog_daily,partial_week,False,False,False,sparse_week
2020-04-20,2020-04-26,31.885,31.9925,31.2,31.2,33.0,14.49,0.0121,4,4,0.4286,soozhu_henan_hog_daily,complete_week,False,False,False,
2020-04-27,2020-05-03,31.15,31.177500000000002,30.95,30.95,31.46,14.605,0.011349999999999999,4,4,0.4286,soozhu_henan_hog_daily,complete_week,False,True,False,holiday_window
2020-05-04,2020-05-10,29.25,29.36,28.05,28.05,30.89,14.515,0.010225,4,4,0.4286,soozhu_henan_hog_daily,complete_week,False,True,False,holiday_window
2020-05-11,2020-05-17,27.72,26.948333333333334,28.0,24.2,28.0,14.645000000000001,0.008416666666666668,6,6,0.1429,soozhu_henan_hog_daily,complete_week,False,False,False,
2020-05-18,2020-05-24,26.619999999999997,26.619999999999997,27.2,26.04,27.2,14.52,0.00835,2,2,0.7143,soozhu_henan_hog_daily,partial_week,False,False,False,sparse_week
2020-05-25,2020-05-31,28.509999999999998,28.4675,29.05,27.8,29.05,14.8575,0.00915,4,4,0.4286,soozhu_henan_hog_daily,complete_week,False,False,False,
2020-06-01,2020-06-07,30.0,30.065999999999995,30.0,29.0,31.2,15.26,0.0097,5,5,0.2857,soozhu_henan_hog_daily,complete_week,False,False,False,
2020-06-08,2020-06-14,31.605,31.5475,31.68,31.3,31.68,15.5475,0.0103,4,4,0.4286,soozhu_henan_hog_daily,complete_week,False,False,False,
2020-06-15,2020-06-21,33.515,33.2375,33.67,32.04,33.88,16.6375,0.009975,4,4,0.4286,soozhu_henan_hog_daily,complete_week,False,False,False,
2020-06-22,2020-06-28,34.07,34.03333333333333,33.9,33.9,34.13,17.366666666666667,0.0096,3,3,0.5714,soozhu_henan_hog_daily,partial_week,False,False,False,sparse_week
2020-06-29,2020-07-05,35.6,35.45666666666667,35.17,35.17,35.6,17.343333333333334,0.010433333333333334,3,3,0.5714,soozhu_henan_hog_daily,partial_week,False,False,False,sparse_week
2020-07-06,2020-07-12,36.6,36.6,36.6,36.6,36.6,17.29,0.0112,1,1,0.8571,soozhu_henan_hog_daily,partial_week,False,False,False,sparse_week
2020-07-13,2020-07-19,36.8,36.65,36.15,36.15,37.0,18.33,0.01,3,3,0.5714,soozhu_henan_hog_daily,partial_week,False,False,False,sparse_week
2020-07-20,2020-07-26,37.0,37.0,37.0,37.0,37.0,17.82,0.0108,1,1,0.8571,soozhu_henan_hog_daily,partial_week,False,False,False,sparse_week
2020-07-27,2020-08-02,36.58,36.71,36.55,36.55,37.0,18.173333333333332,0.0102,3,3,0.5714,soozhu_henan_hog_daily,partial_week,False,False,False,sparse_week
2020-08-03,2020-08-09,36.31,36.31,36.2,36.2,36.42,18.92,0.0092,2,2,0.7143,soozhu_henan_hog_daily,partial_week,False,False,False,sparse_week
2020-08-10,2020-08-16,35.67,35.67,35.64,35.64,35.7,20.605,0.0073,2,2,0.7143,soozhu_henan_hog_daily,partial_week,False,False,False,sparse_week
2020-08-17,2020-08-23,35.35,35.35,35.6,35.1,35.6,23.525,0.004999999999999999,2,2,0.7143,soozhu_henan_hog_daily,partial_week,False,False,False,sparse_week
2020-08-24,2020-08-30,36.175,35.9875,35.13,35.13,36.47,25.775,0.003975,4,4,0.4286,soozhu_henan_hog_daily,complete_week,False,False,False,
2020-08-31,2020-09-06,35.6,35.476,35.2,35.2,35.6,26.484,0.00338,5,5,0.2857,soozhu_henan_hog_daily,complete_week,False,False,False,
2020-09-07,2020-09-13,34.599999999999994,34.5475,33.6,33.6,35.39,26.1575,0.0031999999999999997,4,4,0.4286,soozhu_henan_hog_daily,complete_week,False,False,False,
2020-09-14,2020-09-20,33.64,33.64,33.4,33.4,33.88,26.25,0.00285,2,2,0.7143,soozhu_henan_hog_daily,partial_week,False,False,False,sparse_week
2020-09-21,2020-09-27,32.24,32.098,32.24,31.27,33.3,27.316000000000003,0.00176,5,5,0.2857,soozhu_henan_hog_daily,complete_week,False,False,False,
2020-09-28,2020-10-04,28.4,28.4,31.8,25.0,31.8,27.369999999999997,0.00039999999999999996,2,2,0.7143,soozhu_henan_hog_daily,partial_week,False,True,False,sparse_week; holiday_window
2020-10-05,2020-10-11,30.31,30.31,30.31,30.31,30.31,33.52,-0.001,1,1,0.8571,soozhu_henan_hog_daily,partial_week,False,True,False,sparse_week; holiday_window
2020-10-12,2020-10-18,29.299999999999997,29.3,29.6,29.0,29.6,34.9525,-0.0016,4,4,0.4286,soozhu_henan_hog_daily,complete_week,False,False,False,
2020-10-19,2020-10-25,28.97,28.603333333333335,27.64,27.64,29.2,38.333333333333336,-0.002533333333333333,3,3,0.5714,soozhu_henan_hog_daily,partial_week,False,False,False,sparse_week
2020-10-26,2020-11-01,27.924999999999997,27.8375,27.9,27.5,28.0,39.9125,-0.0030499999999999998,4,4,0.4286,soozhu_henan_hog_daily,complete_week,False,False,False,
2020-11-02,2020-11-08,28.95,28.8,28.45,28.45,29.0,37.57666666666666,-0.0023,3,3,0.5714,soozhu_henan_hog_daily,partial_week,False,False,False,sparse_week
2020-11-09,2020-11-15,28.67,28.6375,28.47,28.47,28.74,34.58,-0.001725,5,4,0.4286,soozhu_henan_hog_daily,complete_week,False,False,False,
2020-11-16,2020-11-22,28.869999999999997,28.869999999999997,28.74,28.74,29.0,31.04,-0.0007,2,2,0.7143,soozhu_henan_hog_daily,partial_week,False,False,False,sparse_week
2020-11-23,2020-11-29,29.3,29.516666666666666,30.2,29.05,30.2,30.790000000000003,-0.0004333333333333333,3,3,0.5714,soozhu_henan_hog_daily,partial_week,False,False,False,sparse_week
2020-11-30,2020-12-06,31.740000000000002,31.7875,32.07,31.6,32.07,32.135000000000005,-7.500000000000001e-05,4,4,0.4286,soozhu_henan_hog_daily,complete_week,False,False,False,
2020-12-07,2020-12-13,32.0,32.0,32.0,32.0,32.0,32.74,-0.0002,1,1,0.8571,soozhu_henan_hog_daily,partial_week,False,False,False,sparse_week
2020-12-14,2020-12-20,33.879999999999995,33.879999999999995,34.0,33.76,34.0,32.370000000000005,0.00045,2,2,0.7143,soozhu_henan_hog_daily,partial_week,False,False,False,sparse_week
2020-12-21,2020-12-27,34.2,34.2,34.0,34.0,34.4,33.245000000000005,0.00030000000000000003,2,2,0.7143,soozhu_henan_hog_daily,partial_week,False,False,False,sparse_week
2020-12-28,2021-01-03,35.114999999999995,35.114999999999995,35.23,35.0,35.23,33.11,0.0006,2,2,0.7143,soozhu_henan_hog_daily,partial_week,False,False,False,sparse_week
2021-01-04,2021-01-10,36.3,36.03333333333333,35.2,35.2,36.6,35.5,0.0001333333333333333,3,3,0.5714,soozhu_henan_hog_daily,partial_week,False,False,False,sparse_week
2021-01-11,2021-01-17,36.0,35.885714285714286,37.0,34.57,37.0,36.00571428571429,-2.8571428571428567e-05,7,7,0.0,soozhu_henan_hog_daily,complete_week,False,False,False,
2021-01-18,2021-01-24,35.15,34.862,34.6,33.93,35.33,36.166,-0.00038,5,5,0.2857,soozhu_henan_hog_daily,complete_week,False,True,False,holiday_window
2021-01-25,2021-01-31,,,,,,,,3,0,1.0,soozhu_henan_hog_daily,empty_week,True,True,False,week_missing; holiday_window
2021-02-01,2021-02-07,29.83,29.83,31.0,28.66,31.0,34.935,-0.00145,6,2,0.7143,soozhu_henan_hog_daily,partial_week,False,True,False,sparse_week; holiday_window
2021-02-08,2021-02-14,31.0,30.660000000000004,31.0,29.4,31.1,36.53,-0.00162,7,5,0.2857,soozhu_henan_hog_daily,complete_week,False,True,False,holiday_window
2021-02-15,2021-02-21,28.965,29.1575,29.0,27.8,30.9,36.209999999999994,-0.00195,5,4,0.4286,soozhu_henan_hog_daily,complete_week,False,True,False,holiday_window
2021-02-22,2021-02-28,27.2,27.209999999999997,27.64,26.79,27.64,35.02,-0.0022,3,3,0.5714,soozhu_henan_hog_daily,partial_week,False,False,False,sparse_week
2021-03-01,2021-03-07,28.2,28.794285714285714,28.2,27.97,31.0,35.279999999999994,-0.0018428571428571428,7,7,0.0,soozhu_henan_hog_daily,complete_week,False,False,False,
2021-03-08,2021-03-14,27.55,27.475,26.4,26.4,28.4,35.2975,-0.002225,4,4,0.4286,soozhu_henan_hog_daily,complete_week,False,False,False,
2021-03-15,2021-03-21,27.22,26.951999999999998,27.43,25.0,27.91,35.089999999999996,-0.0023399999999999996,5,5,0.2857,soozhu_henan_hog_daily,complete_week,False,False,False,
2021-03-22,2021-03-28,26.189999999999998,26.088333333333335,25.4,25.4,26.6,33.42333333333333,-0.0021833333333333336,6,6,0.1429,soozhu_henan_hog_daily,complete_week,False,False,False,
2021-03-29,2021-04-04,22.6,23.124000000000002,22.6,21.87,24.6,33.194,-0.0030199999999999997,5,5,0.2857,soozhu_henan_hog_daily,complete_week,False,False,False,
2021-04-05,2021-04-11,19.9,20.122,19.9,19.0,21.03,32.116,-0.0037199999999999998,5,5,0.2857,soozhu_henan_hog_daily,complete_week,False,False,False,
2021-04-12,2021-04-18,22.2,22.733333333333334,22.2,22.0,24.0,32.19,-0.002933333333333333,3,3,0.5714,soozhu_henan_hog_daily,partial_week,False,False,False,sparse_week
2021-04-19,2021-04-25,23.0,22.69333333333333,23.0,21.6,23.48,32.02,-0.0029333333333333334,3,3,0.5714,soozhu_henan_hog_daily,partial_week,False,False,False,sparse_week
2021-04-26,2021-05-02,21.2,21.2,20.7,20.7,21.7,31.04,-0.00315,2,2,0.7143,soozhu_henan_hog_daily,partial_week,False,True,False,sparse_week; holiday_window
2021-05-03,2021-05-09,20.0,20.0,20.0,20.0,20.0,28.93,-0.0031,1,1,0.8571,soozhu_henan_hog_daily,partial_week,False,True,False,sparse_week; holiday_window
2021-05-10,2021-05-16,,,,,,,,0,0,1.0,soozhu_henan_hog_daily,empty_week,True,False,False,week_missing
2021-05-17,2021-05-23,18.25,18.25,18.25,18.25,18.25,26.74,-0.0032,1,1,0.8571,soozhu_henan_hog_daily,partial_week,False,False,False,sparse_week
2021-05-24,2021-05-30,16.945,17.0225,16.8,16.4,17.8,28.2625,-0.0039499999999999995,5,4,0.4286,soozhu_henan_hog_daily,complete_week,False,False,False,
2021-05-31,2021-06-06,15.915,15.915,15.5,15.5,16.33,29.66,-0.0046,2,2,0.7143,soozhu_henan_hog_daily,partial_week,False,False,False,sparse_week
2021-06-07,2021-06-13,14.850000000000001,14.825,14.8,14.6,15.0,31.58,-0.005325,4,4,0.4286,soozhu_henan_hog_daily,complete_week,False,False,False,
2021-06-14,2021-06-20,14.25,14.166666666666666,13.4,13.4,14.8,33.016666666666666,-0.005716666666666666,6,6,0.1429,soozhu_henan_hog_daily,complete_week,False,False,False,
2021-06-21,2021-06-27,13.0,12.942857142857141,13.5,12.0,13.5,34.13142857142857,-0.006185714285714286,7,7,0.0,soozhu_henan_hog_daily,complete_week,False,False,False,
2021-06-28,2021-07-04,14.475,14.558333333333332,15.5,13.9,15.5,35.406666666666666,-0.0059,6,6,0.1429,soozhu_henan_hog_daily,complete_week,False,False,False,
2021-07-05,2021-07-11,14.9,14.950000000000001,15.8,14.0,15.8,37.00333333333334,-0.005966666666666666,6,6,0.1429,soozhu_henan_hog_daily,complete_week,False,False,False,
2021-07-12,2021-07-18,15.5,15.4,15.0,15.0,15.9,37.386,-0.00588,5,5,0.2857,soozhu_henan_hog_daily,complete_week,False,False,False,
2021-07-19,2021-07-25,15.0,15.0175,15.0,14.2,15.87,36.4975,-0.0059,4,4,0.4286,soozhu_henan_hog_daily,complete_week,False,False,False,
2021-07-26,2021-08-01,15.4,15.442857142857141,16.0,15.0,16.0,36.65,-0.0057857142857142855,7,7,0.0,soozhu_henan_hog_daily,complete_week,False,False,False,
2021-08-02,2021-08-08,15.0,15.142857142857142,15.2,15.0,15.8,36.48428571428571,-0.005857142857142858,7,7,0.0,soozhu_henan_hog_daily,complete_week,False,False,False,
2021-08-09,2021-08-15,15.1,15.1,15.0,15.0,15.2,35.8375,-0.0058,6,4,0.4286,soozhu_henan_hog_daily,complete_week,False,False,False,
2021-08-16,2021-08-22,14.6,14.684285714285712,14.68,14.3,15.12,36.12571428571429,-0.005942857142857143,7,7,0.0,soozhu_henan_hog_daily,complete_week,False,False,False,
2021-08-23,2021-08-29,14.5,14.562857142857142,14.0,14.0,15.65,35.61142857142857,-0.005914285714285714,7,7,0.0,soozhu_henan_hog_daily,complete_week,False,False,False,
2021-08-30,2021-09-05,14.0,13.950000000000001,13.9,13.8,14.0,35.614285714285714,-0.0061,7,7,0.0,soozhu_henan_hog_daily,complete_week,False,False,False,
2021-09-06,2021-09-12,13.5,13.564285714285715,13.1,13.1,13.8,35.21857142857143,-0.0061428571428571435,7,7,0.0,soozhu_henan_hog_daily,complete_week,False,False,False,
2021-09-13,2021-09-19,13.0,12.754285714285714,12.3,12.1,13.1,33.924285714285716,-0.006242857142857143,7,7,0.0,soozhu_henan_hog_daily,complete_week,False,False,False,
2021-09-20,2021-09-26,12.0,11.966666666666667,11.9,11.9,12.0,33.276666666666664,-0.0064,3,3,0.5714,soozhu_henan_hog_daily,partial_week,False,False,False,sparse_week
2021-09-27,2021-10-03,,,,,,,,2,0,1.0,soozhu_henan_hog_daily,empty_week,True,True,False,week_missing; holiday_window
2021-10-04,2021-10-10,10.25,10.25,10.25,10.25,10.25,31.32,-0.0067,4,1,0.8571,soozhu_henan_hog_daily,partial_week,False,True,False,sparse_week; holiday_window
2021-10-11,2021-10-17,12.55,12.55,12.55,12.55,12.55,28.83,-0.0056,1,1,0.8571,soozhu_henan_hog_daily,partial_week,False,False,False,sparse_week
2021-10-18,2021-10-24,,,,,,,,0,0,1.0,soozhu_henan_hog_daily,empty_week,True,False,False,week_missing
2021-10-25,2021-10-31,15.8,15.873333333333335,15.8,15.8,16.02,27.983333333333334,-0.004333333333333334,3,3,0.5714,soozhu_henan_hog_daily,partial_week,False,False,False,sparse_week
2021-11-01,2021-11-07,16.0,16.05,16.4,15.8,16.4,28.68166666666667,-0.004383333333333334,6,6,0.1429,soozhu_henan_hog_daily,complete_week,False,False,False,
2021-11-08,2021-11-14,,,,,,,,0,0,1.0,soozhu_henan_hog_daily,empty_week,True,False,False,week_missing
2021-11-15,2021-11-21,18.42,18.42,18.42,18.42,18.42,28.75,-0.0036,1,1,0.8571,soozhu_henan_hog_daily,partial_week,False,False,False,sparse_week
2021-11-22,2021-11-28,,,,,,,,0,0,1.0,soozhu_henan_hog_daily,empty_week,True,False,False,week_missing
2021-11-29,2021-12-05,,,,,,,,0,0,1.0,soozhu_henan_hog_daily,empty_week,True,False,False,week_missing
2021-12-06,2021-12-12,16.2,16.2,16.2,16.2,16.2,32.9,-0.0051,1,1,0.8571,soozhu_henan_hog_daily,partial_week,False,False,False,sparse_week
2021-12-13,2021-12-19,,,,,,,,0,0,1.0,soozhu_henan_hog_daily,empty_week,True,False,False,week_missing
2021-12-20,2021-12-26,,,,,,,,0,0,1.0,soozhu_henan_hog_daily,empty_week,True,False,False,week_missing
2021-12-27,2022-01-02,,,,,,,,0,0,1.0,soozhu_henan_hog_daily,empty_week,True,False,False,week_missing
2022-01-03,2022-01-09,14.8,14.8,14.8,14.8,14.8,35.99,-0.0059,1,1,0.8571,soozhu_henan_hog_daily,partial_week,False,False,False,sparse_week
2022-01-10,2022-01-16,14.43,14.43,14.43,14.43,14.43,35.21,-0.0059,1,1,0.8571,soozhu_henan_hog_daily,partial_week,False,False,False,sparse_week
2022-01-17,2022-01-23,16.5,16.5,16.5,16.5,16.5,33.24,-0.005,1,1,0.8571,soozhu_henan_hog_daily,partial_week,False,True,False,sparse_week; holiday_window
2022-01-24,2022-01-30,,,,,,,,0,0,1.0,soozhu_henan_hog_daily,empty_week,True,True,False,week_missing; holiday_window
2022-01-31,2022-02-06,,,,,,,,0,0,1.0,soozhu_henan_hog_daily,empty_week,True,True,False,week_missing; holiday_window
2022-02-07,2022-02-13,,,,,,,,0,0,1.0,soozhu_henan_hog_daily,empty_week,True,True,False,week_missing; holiday_window
2022-02-14,2022-02-20,,,,,,,,0,0,1.0,soozhu_henan_hog_daily,empty_week,True,True,False,week_missing; holiday_window
2022-02-21,2022-02-27,12.55,12.55,12.7,12.4,12.7,26.345,-0.0052499999999999995,2,2,0.7143,soozhu_henan_hog_daily,partial_week,False,False,False,sparse_week
2022-02-28,2022-03-06,12.2,12.2,12.2,12.2,12.2,29.21,-0.0058,1,1,0.8571,soozhu_henan_hog_daily,partial_week,False,False,False,sparse_week
2022-03-07,2022-03-13,,,,,,,,0,0,1.0,soozhu_henan_hog_daily,empty_week,True,False,False,week_missing
2022-03-14,2022-03-20,,,,,,,,0,0,1.0,soozhu_henan_hog_daily,empty_week,True,False,False,week_missing
2022-03-21,2022-03-27,,,,,,,,0,0,1.0,soozhu_henan_hog_daily,empty_week,True,False,False,week_missing
2022-03-28,2022-04-03,,,,,,,,0,0,1.0,soozhu_henan_hog_daily,empty_week,True,False,False,week_missing
2022-04-04,2022-04-10,,,,,,,,0,0,1.0,soozhu_henan_hog_daily,empty_week,True,False,False,week_missing
2022-04-11,2022-04-17,,,,,,,,0,0,1.0,soozhu_henan_hog_daily,empty_week,True,False,False,week_missing
2022-04-18,2022-04-24,,,,,,,,0,0,1.0,soozhu_henan_hog_daily,empty_week,True,False,False,week_missing
2022-04-25,2022-05-01,14.76,14.76,15.0,14.52,15.0,22.065,-0.0033,2,2,0.7143,soozhu_henan_hog_daily,partial_week,False,True,False,sparse_week; holiday_window
2022-05-02,2022-05-08,,,,,,,,0,0,1.0,soozhu_henan_hog_daily,empty_week,True,True,False,week_missing; holiday_window
2022-05-09,2022-05-15,,,,,,,,0,0,1.0,soozhu_henan_hog_daily,empty_week,True,False,False,week_missing
2022-05-16,2022-05-22,15.4,15.4,15.4,15.4,15.4,18.6,-0.0017,1,1,0.8571,soozhu_henan_hog_daily,partial_week,False,False,False,sparse_week
2022-05-23,2022-05-29,,,,,,,,0,0,1.0,soozhu_henan_hog_daily,empty_week,True,False,False,week_missing
2022-05-30,2022-06-05,15.2,15.2,15.2,15.2,15.2,16.68,-0.0009,1,1,0.8571,soozhu_henan_hog_daily,partial_week,False,False,False,sparse_week
2022-06-06,2022-06-12,,,,,,,,0,0,1.0,soozhu_henan_hog_daily,empty_week,True,False,False,week_missing
2022-06-13,2022-06-19,16.35,16.35,16.1,16.1,16.6,14.4,0.00135,2,2,0.7143,soozhu_henan_hog_daily,partial_week,False,False,False,sparse_week
2022-06-20,2022-06-26,16.4,16.4,16.4,16.4,16.4,13.1,0.0025,1,1,0.8571,soozhu_henan_hog_daily,partial_week,False,False,False,sparse_week
2022-06-27,2022-07-03,21.89,21.89,21.89,21.89,21.89,14.7,0.0049,1,1,0.8571,soozhu_henan_hog_daily,partial_week,False,False,False,sparse_week
2022-07-04,2022-07-10,22.2,22.2,22.0,22.0,22.4,16.335,0.0036,2,2,0.7143,soozhu_henan_hog_daily,partial_week,False,False,False,sparse_week
2022-07-11,2022-07-17,22.2,22.16,22.0,22.0,22.4,15.928,0.00394,5,5,0.2857,soozhu_henan_hog_daily,complete_week,False,False,False,
2022-07-18,2022-07-24,22.0,22.0,22.0,22.0,22.0,15.728,0.00398,5,5,0.2857,soozhu_henan_hog_daily,complete_week,False,False,False,
2022-07-25,2022-07-31,21.0,21.240000000000002,21.0,20.8,22.0,14.966,0.0042,5,5,0.2857,soozhu_henan_hog_daily,complete_week,False,False,False,
2022-08-01,2022-08-07,21.2,21.22,21.2,21.0,21.5,15.309999999999999,0.00386,5,5,0.2857,soozhu_henan_hog_daily,complete_week,False,False,False,
2022-08-08,2022-08-14,21.3,21.285714285714285,21.3,21.2,21.4,15.061428571428573,0.004171428571428572,7,7,0.0,soozhu_henan_hog_daily,complete_week,False,False,False,
2022-08-15,2022-08-21,21.45,21.416666666666668,21.5,21.3,21.5,14.843333333333334,0.004416666666666667,6,6,0.1429,soozhu_henan_hog_daily,complete_week,False,False,False,
2022-08-22,2022-08-28,22.4,22.17142857142857,22.4,21.4,22.6,14.468571428571428,0.005342857142857143,7,7,0.0,soozhu_henan_hog_daily,complete_week,False,False,False,
2022-08-29,2022-09-04,22.85,22.916666666666668,23.2,22.7,23.2,14.138333333333334,0.0062,6,6,0.1429,soozhu_henan_hog_daily,complete_week,False,False,False,
2022-09-05,2022-09-11,23.0,22.96,23.0,22.8,23.0,13.335999999999999,0.00722,5,5,0.2857,soozhu_henan_hog_daily,complete_week,False,False,False,
2022-09-12,2022-09-18,23.0,23.0,23.0,23.0,23.0,12.5625,0.008324999999999999,4,4,0.4286,soozhu_henan_hog_daily,complete_week,False,False,False,
2022-09-19,2022-09-25,23.5,23.618571428571425,24.0,23.2,24.0,11.585714285714285,0.010414285714285714,7,7,0.0,soozhu_henan_hog_daily,complete_week,False,False,False,
2022-09-26,2022-10-02,24.2,24.18,24.2,24.1,24.3,10.873999999999999,0.012240000000000001,5,5,0.2857,soozhu_henan_hog_daily,complete_week,False,True,False,holiday_window
2022-10-03,2022-10-09,26.0,25.733333333333334,26.4,24.5,26.4,10.721666666666666,0.014,6,6,0.1429,soozhu_henan_hog_daily,complete_week,False,True,False,holiday_window
2022-10-10,2022-10-16,26.85,27.116666666666664,28.0,26.4,28.2,12.358333333333334,0.012000000000000002,6,6,0.1429,soozhu_henan_hog_daily,complete_week,False,False,False,
2022-10-17,2022-10-23,28.15,28.116666666666664,28.4,27.6,28.7,14.148333333333333,0.0099,6,6,0.1429,soozhu_henan_hog_daily,complete_week,False,False,False,
2022-10-24,2022-10-30,27.45,27.45,26.8,26.8,28.1,15.959999999999999,0.0072,5,5,0.2857,soozhu_henan_hog_daily,complete_week,False,False,False,
2022-10-31,2022-11-06,26.2,26.24,26.4,26.0,26.5,16.346,0.00606,5,5,0.2857,soozhu_henan_hog_daily,complete_week,False,False,False,
2022-11-07,2022-11-13,25.35,25.25,24.3,24.3,26.1,17.568,0.00436,5,5,0.2857,soozhu_henan_hog_daily,complete_week,False,False,False,
2022-11-14,2022-11-20,24.549999999999997,24.7,24.4,24.2,25.5,17.93,0.00375,4,4,0.4286,soozhu_henan_hog_daily,complete_week,False,False,False,
2022-11-21,2022-11-27,23.65,23.65,23.6,23.6,23.7,18.055,0.0031000000000000003,2,2,0.7143,soozhu_henan_hog_daily,partial_week,False,False,False,sparse_week
2022-11-28,2022-12-04,22.3,22.3,22.3,22.3,22.3,17.94,0.0024,1,1,0.8571,soozhu_henan_hog_daily,partial_week,False,False,False,sparse_week
2022-12-05,2022-12-11,22.5,22.18,20.4,20.4,23.0,17.16,0.00294,5,5,0.2857,soozhu_henan_hog_daily,complete_week,False,False,False,
2022-12-12,2022-12-18,18.4,18.316666666666666,17.35,17.35,19.2,16.37,0.0011666666666666668,3,3,0.5714,soozhu_henan_hog_daily,partial_week,False,False,False,sparse_week
2022-12-19,2022-12-25,16.4,16.339999999999996,16.4,15.0,17.7,16.082,0.00014000000000000001,5,5,0.2857,soozhu_henan_hog_daily,complete_week,False,False,False,
2022-12-26,2023-01-01,17.299999999999997,17.2,16.5,16.5,18.0,16.246666666666666,0.0006,6,6,0.1429,soozhu_henan_hog_daily,complete_week,False,False,False,
2023-01-02,2023-01-08,15.35,15.51,14.7,14.7,16.4,15.734,-0.00014000000000000001,5,5,0.2857,soozhu_henan_hog_daily,complete_week,False,False,False,
2023-01-09,2023-01-15,15.4,15.1,14.4,14.3,15.7,14.474,0.00043999999999999996,5,5,0.2857,soozhu_henan_hog_daily,complete_week,False,False,False,
2023-01-16,2023-01-22,14.85,14.85,15.7,14.0,15.7,14.835,0.0,2,2,0.7143,soozhu_henan_hog_daily,partial_week,False,True,False,sparse_week; holiday_window
2023-01-23,2023-01-29,15.5,15.55,15.5,15.5,15.7,15.17,0.00027499999999999996,5,4,0.4286,soozhu_henan_hog_daily,complete_week,False,True,False,holiday_window
2023-01-30,2023-02-05,,,,,,,,6,0,1.0,soozhu_henan_hog_daily,empty_week,True,True,False,week_missing; holiday_window
2023-02-06,2023-02-12,14.3,14.3,14.2,14.2,14.4,13.6375,0.000525,5,4,0.4286,soozhu_henan_hog_daily,complete_week,False,True,False,holiday_window
2023-02-13,2023-02-19,15.0,14.89,15.0,14.6,15.1,12.772,0.0016799999999999999,5,5,0.2857,soozhu_henan_hog_daily,complete_week,False,True,False,holiday_window
2023-02-20,2023-02-26,15.6,15.66,16.1,15.4,16.1,12.586,0.00244,5,5,0.2857,soozhu_henan_hog_daily,complete_week,False,True,False,holiday_window
2023-02-27,2023-03-05,16.03,16.0,15.92,15.85,16.14,12.652000000000001,0.00264,5,5,0.2857,soozhu_henan_hog_daily,complete_week,False,False,False,
2023-03-06,2023-03-12,15.58,15.6,15.58,15.4,15.85,12.09,0.0029,5,5,0.2857,soozhu_henan_hog_daily,complete_week,False,False,False,
2023-03-13,2023-03-19,15.2,15.172,15.12,15.12,15.2,11.766,0.0029,5,5,0.2857,soozhu_henan_hog_daily,complete_week,False,False,False,
2023-03-20,2023-03-26,15.055,15.0725,15.2,14.98,15.2,11.635,0.0029749999999999998,4,4,0.4286,soozhu_henan_hog_daily,complete_week,False,False,False,
2023-03-27,2023-04-02,14.57,14.652000000000001,14.4,14.4,15.0,11.764,0.00246,5,5,0.2857,soozhu_henan_hog_daily,complete_week,False,False,False,
2023-04-03,2023-04-09,14.56,14.4925,14.55,14.25,14.6,11.99,0.0021,4,4,0.4286,soozhu_henan_hog_daily,complete_week,False,False,False,
2023-04-10,2023-04-16,14.1,14.169999999999998,14.0,14.0,14.36,11.586,0.00224,5,5,0.2857,soozhu_henan_hog_daily,complete_week,False,False,False,
2023-04-17,2023-04-23,14.2,14.134,14.37,13.83,14.4,13.14,0.00078,5,5,0.2857,soozhu_henan_hog_daily,complete_week,False,False,False,
2023-04-24,2023-04-30,14.7,14.607999999999999,14.2,14.2,14.8,14.462,0.0001,5,5,0.2857,soozhu_henan_hog_daily,complete_week,False,False,False,
2023-05-01,2023-05-07,14.4,14.4175,14.6,14.27,14.6,14.219999999999999,0.000125,4,4,0.4286,soozhu_henan_hog_daily,complete_week,False,True,False,holiday_window
2023-05-08,2023-05-14,14.2,14.312000000000001,14.16,14.16,14.6,14.918000000000001,-0.00038,5,5,0.2857,soozhu_henan_hog_daily,complete_week,False,False,False,
2023-05-15,2023-05-21,14.2,14.276,14.16,14.16,14.49,15.578,-0.0008400000000000001,5,5,0.2857,soozhu_henan_hog_daily,complete_week,False,False,False,
2023-05-22,2023-05-28,14.3,14.309999999999999,14.2,14.2,14.44,15.9125,-0.001025,4,4,0.4286,soozhu_henan_hog_daily,complete_week,False,False,False,
2023-05-29,2023-06-04,14.47,14.346666666666666,14.57,14.0,14.57,16.013333333333332,-0.0010666666666666665,3,3,0.5714,soozhu_henan_hog_daily,partial_week,False,False,False,sparse_week
2023-06-05,2023-06-11,14.2,14.25,14.2,14.1,14.5,16.1825,-0.001175,4,4,0.4286,soozhu_henan_hog_daily,complete_week,False,False,False,
2023-06-12,2023-06-18,14.2,14.207999999999998,14.15,14.15,14.27,16.5,-0.00138,5,5,0.2857,soozhu_henan_hog_daily,complete_week,False,False,False,
2023-06-19,2023-06-25,14.205,14.185,13.93,13.93,14.4,17.0075,-0.00165,4,4,0.4286,soozhu_henan_hog_daily,complete_week,False,False,False,
2023-06-26,2023-07-02,13.88,13.912,13.87,13.8,14.04,18.78,-0.00258,5,5,0.2857,soozhu_henan_hog_daily,complete_week,False,False,False,
2023-07-03,2023-07-09,14.05,14.016,13.9,13.9,14.08,21.286,-0.0034000000000000002,5,5,0.2857,soozhu_henan_hog_daily,complete_week,False,False,False,
2023-07-10,2023-07-16,13.940000000000001,13.9475,13.8,13.8,14.11,21.947499999999998,-0.0036249999999999998,4,4,0.4286,soozhu_henan_hog_daily,complete_week,False,False,False,
2023-07-17,2023-07-23,13.9,13.91,13.9,13.7,14.1,21.928,-0.00364,5,5,0.2857,soozhu_henan_hog_daily,complete_week,False,False,False,
2023-07-24,2023-07-30,15.2,15.057999999999998,15.6,14.27,15.6,21.726000000000003,-0.00306,5,5,0.2857,soozhu_henan_hog_daily,complete_week,False,False,False,
2023-07-31,2023-08-06,16.765,16.7175,16.4,16.0,17.34,22.115,-0.002425,4,4,0.4286,soozhu_henan_hog_daily,complete_week,False,False,False,
2023-08-07,2023-08-13,17.25,17.306,17.2,16.95,17.8,21.951999999999998,-0.00212,5,5,0.2857,soozhu_henan_hog_daily,complete_week,False,False,False,
2023-08-14,2023-08-20,17.07,17.092000000000002,17.17,16.93,17.29,21.958,-0.0022199999999999998,5,5,0.2857,soozhu_henan_hog_daily,complete_week,False,False,False,
2023-08-21,2023-08-27,16.93,16.952,17.2,16.76,17.2,22.534,-0.00248,5,5,0.2857,soozhu_henan_hog_daily,complete_week,False,False,False,
2023-08-28,2023-09-03,17.2,17.23,17.2,17.12,17.4,22.7075,-0.0024,4,4,0.4286,soozhu_henan_hog_daily,complete_week,False,False,False,
2023-09-04,2023-09-10,16.7,16.714,16.7,16.57,17.0,22.782,-0.00266,5,5,0.2857,soozhu_henan_hog_daily,complete_week,False,False,False,
2023-09-11,2023-09-17,16.5,16.5375,16.75,16.4,16.75,22.68,-0.0027,4,4,0.4286,soozhu_henan_hog_daily,complete_week,False,False,False,
2023-09-18,2023-09-24,16.2,16.125,16.3,15.8,16.3,23.2825,-0.003075,4,4,0.4286,soozhu_henan_hog_daily,complete_week,False,False,False,
2023-09-25,2023-10-01,15.975000000000001,15.975000000000001,16.05,15.9,16.05,23.745,-0.0033,2,2,0.7143,soozhu_henan_hog_daily,partial_week,False,True,False,sparse_week; holiday_window
2023-10-02,2023-10-08,16.0,16.0,15.6,15.6,16.4,25.625,-0.00375,2,2,0.7143,soozhu_henan_hog_daily,partial_week,False,True,False,sparse_week; holiday_window
2023-10-09,2023-10-15,15.26,15.335999999999999,15.26,15.2,15.7,25.988,-0.00408,5,5,0.2857,soozhu_henan_hog_daily,complete_week,False,False,False,
2023-10-16,2023-10-22,15.325,15.2575,15.33,15.0,15.38,27.8975,-0.0045249999999999995,4,4,0.4286,soozhu_henan_hog_daily,complete_week,False,False,False,
2023-10-23,2023-10-29,14.47,14.386000000000001,13.8,13.8,14.63,27.426,-0.00476,5,5,0.2857,soozhu_henan_hog_daily,complete_week,False,False,False,
2023-10-30,2023-11-05,13.6,13.54,13.6,13.16,13.8,26.122500000000002,-0.004825,4,4,0.4286,soozhu_henan_hog_daily,complete_week,False,False,False,
2023-11-06,2023-11-12,13.13,13.443333333333333,13.13,13.0,14.2,24.7,-0.004566666666666667,3,3,0.5714,soozhu_henan_hog_daily,partial_week,False,False,False,sparse_week
2023-11-13,2023-11-19,13.8,13.818000000000001,14.29,13.4,14.29,24.442,-0.00436,5,5,0.2857,soozhu_henan_hog_daily,complete_week,False,False,False,
2023-11-20,2023-11-26,14.2,14.124,13.97,13.8,14.4,22.984,-0.0038400000000000005,5,5,0.2857,soozhu_henan_hog_daily,complete_week,False,False,False,
2023-11-27,2023-12-03,13.8,13.882,14.0,13.45,14.36,21.857999999999997,-0.00364,5,5,0.2857,soozhu_henan_hog_daily,complete_week,False,False,False,
2023-12-04,2023-12-10,13.62,13.591999999999999,13.37,13.37,13.83,22.236,-0.00388,5,5,0.2857,soozhu_henan_hog_daily,complete_week,False,False,False,
2023-12-11,2023-12-17,13.93,14.012,14.24,13.73,14.31,18.928,-0.00258,5,5,0.2857,soozhu_henan_hog_daily,complete_week,False,False,False,
2023-12-18,2023-12-24,14.57,14.518,14.47,14.09,14.86,16.375999999999998,-0.0010999999999999998,5,5,0.2857,soozhu_henan_hog_daily,complete_week,False,False,False,
2023-12-25,2023-12-31,14.5,14.526666666666666,14.73,14.35,14.73,17.143333333333334,-0.0014999999999999998,3,3,0.5714,soozhu_henan_hog_daily,partial_week,False,False,False,sparse_week
2024-01-01,2024-01-07,14.46,14.453333333333333,14.46,14.4,14.5,15.49,-0.0006666666666666666,3,3,0.5714,soozhu_henan_hog_daily,partial_week,False,False,False,sparse_week
2024-01-08,2024-01-14,14.4,14.446000000000002,14.23,14.23,14.8,15.02,-0.00037999999999999997,5,5,0.2857,soozhu_henan_hog_daily,complete_week,False,False,False,
2024-01-15,2024-01-21,14.37,14.354,14.43,14.17,14.6,15.084,-0.00047999999999999996,5,5,0.2857,soozhu_henan_hog_daily,complete_week,False,True,False,holiday_window
2024-01-22,2024-01-28,14.9,14.76,15.08,14.2,15.08,15.6,-0.00056,5,5,0.2857,soozhu_henan_hog_daily,complete_week,False,True,False,holiday_window
2024-01-29,2024-02-04,17.47,17.137999999999998,17.47,16.0,18.0,14.062000000000001,0.0021999999999999997,5,5,0.2857,soozhu_henan_hog_daily,complete_week,False,True,False,holiday_window
2024-02-05,2024-02-11,16.8,16.900000000000002,16.0,16.0,17.9,14.126666666666667,0.0019666666666666665,3,3,0.5714,soozhu_henan_hog_daily,partial_week,False,True,False,sparse_week; holiday_window
2024-02-12,2024-02-18,16.2,16.2,16.2,16.2,16.2,15.38,0.0005,1,1,0.8571,soozhu_henan_hog_daily,partial_week,False,True,False,sparse_week; holiday_window
2024-02-19,2024-02-25,14.6,14.526,14.3,14.13,14.8,15.663999999999998,-0.00074,5,5,0.2857,soozhu_henan_hog_daily,complete_week,False,True,False,holiday_window
2024-02-26,2024-03-03,14.43,14.506666666666666,14.36,14.36,14.73,15.703333333333333,-0.0007666666666666667,3,3,0.5714,soozhu_henan_hog_daily,partial_week,False,False,False,sparse_week
2024-03-04,2024-03-10,14.43,14.430000000000001,14.43,14.2,14.67,15.846,-0.00088,5,5,0.2857,soozhu_henan_hog_daily,complete_week,False,False,False,
2024-03-11,2024-03-17,14.6,14.668000000000001,14.74,14.2,15.4,15.248,-0.00038,5,5,0.2857,soozhu_henan_hog_daily,complete_week,False,False,False,
2024-03-18,2024-03-24,15.0,14.968,15.15,14.53,15.4,15.306000000000001,-0.00022,5,5,0.2857,soozhu_henan_hog_daily,complete_week,False,False,False,
2024-03-25,2024-03-31,15.3,15.3325,15.2,15.2,15.53,14.932500000000001,0.0003,4,4,0.4286,soozhu_henan_hog_daily,complete_week,False,False,False,
2024-04-01,2024-04-07,15.285,15.24,15.35,15.04,15.35,14.557500000000001,0.000475,4,4,0.4286,soozhu_henan_hog_daily,complete_week,False,False,False,
2024-04-08,2024-04-14,15.2,15.209999999999999,15.0,15.0,15.53,14.366,0.0006000000000000001,5,5,0.2857,soozhu_henan_hog_daily,complete_week,False,False,False,
2024-04-15,2024-04-21,15.0,14.9875,15.0,14.8,15.15,14.055,0.00065,4,4,0.4286,soozhu_henan_hog_daily,complete_week,False,False,False,
2024-04-22,2024-04-28,15.07,15.06,15.07,14.93,15.16,14.793333333333335,0.00018333333333333334,6,6,0.1429,soozhu_henan_hog_daily,complete_week,False,False,False,
2024-04-29,2024-05-05,14.934999999999999,14.934999999999999,14.92,14.92,14.95,14.975000000000001,-5e-05,2,2,0.7143,soozhu_henan_hog_daily,partial_week,False,True,False,sparse_week; holiday_window
2024-05-06,2024-05-12,14.785,14.795,14.8,14.53,15.08,14.44,0.00025,4,4,0.4286,soozhu_henan_hog_daily,complete_week,False,False,False,
2024-05-13,2024-05-19,15.07,15.116,15.37,15.0,15.37,14.394,0.00048000000000000007,5,5,0.2857,soozhu_henan_hog_daily,complete_week,False,False,False,
2024-05-20,2024-05-26,15.9,16.0325,16.8,15.53,16.8,14.285,0.001225,4,4,0.4286,soozhu_henan_hog_daily,complete_week,False,False,False,
2024-05-27,2024-06-02,16.965,17.0825,16.73,16.6,17.8,14.4575,0.0018,4,4,0.4286,soozhu_henan_hog_daily,complete_week,False,False,False,
2024-06-03,2024-06-09,18.15,18.2075,18.23,17.8,18.73,14.43,0.0026,4,4,0.4286,soozhu_henan_hog_daily,complete_week,False,False,False,
2024-06-10,2024-06-16,18.950000000000003,18.905,18.6,18.6,19.12,14.219999999999999,0.0033,4,4,0.4286,soozhu_henan_hog_daily,complete_week,False,False,False,
2024-06-17,2024-06-23,18.625,18.634999999999998,18.49,18.49,18.8,14.3175,0.003025,4,4,0.4286,soozhu_henan_hog_daily,complete_week,False,False,False,
2024-06-24,2024-06-30,18.0,17.954,17.97,17.67,18.13,13.959999999999999,0.0028799999999999997,5,5,0.2857,soozhu_henan_hog_daily,complete_week,False,False,False,
2024-07-01,2024-07-07,18.4,18.439999999999998,18.8,18.13,18.8,13.844,0.00332,5,5,0.2857,soozhu_henan_hog_daily,complete_week,False,False,False,
2024-07-08,2024-07-14,18.775,18.7425,18.75,18.52,18.9,13.955,0.003425,4,4,0.4286,soozhu_henan_hog_daily,complete_week,False,False,False,
2024-07-15,2024-07-21,19.185000000000002,19.2175,19.1,19.1,19.4,13.975,0.00375,4,4,0.4286,soozhu_henan_hog_daily,complete_week,False,False,False,
2024-07-22,2024-07-28,19.44,19.21666666666667,19.51,18.7,19.51,14.479999999999999,0.0032999999999999995,3,3,0.5714,soozhu_henan_hog_daily,partial_week,False,False,False,sparse_week
2024-07-29,2024-08-04,19.32,19.384,19.53,19.2,19.6,16.21,0.002,5,5,0.2857,soozhu_henan_hog_daily,complete_week,False,False,False,
2024-08-05,2024-08-11,20.5,20.274,20.5,19.73,20.57,17.157999999999998,0.00182,5,5,0.2857,soozhu_henan_hog_daily,complete_week,False,False,False,
2024-08-12,2024-08-18,21.07,21.056,20.87,20.6,21.62,16.956,0.0024000000000000002,5,5,0.2857,soozhu_henan_hog_daily,complete_week,False,False,False,
2024-08-19,2024-08-25,20.4,20.423333333333332,20.4,20.2,20.67,16.936666666666667,0.0020666666666666667,3,3,0.5714,soozhu_henan_hog_daily,partial_week,False,False,False,sparse_week
2024-08-26,2024-09-01,19.875,19.927500000000002,19.8,19.76,20.2,17.045,0.0017,4,4,0.4286,soozhu_henan_hog_daily,complete_week,False,False,False,
2024-09-02,2024-09-08,20.0,20.0075,19.73,19.73,20.3,16.63,0.002025,4,4,0.4286,soozhu_henan_hog_daily,complete_week,False,False,False,
2024-09-09,2024-09-15,20.0,19.922,20.0,19.57,20.31,16.444,0.0021,5,5,0.2857,soozhu_henan_hog_daily,complete_week,False,False,False,
2024-09-16,2024-09-22,18.8,18.91,18.8,18.7,19.23,16.233333333333334,0.0016333333333333332,3,3,0.5714,soozhu_henan_hog_daily,partial_week,False,False,False,sparse_week
2024-09-23,2024-09-29,17.93,18.046,17.9,17.8,18.4,16.264,0.0010999999999999998,5,5,0.2857,soozhu_henan_hog_daily,complete_week,False,False,False,
2024-09-30,2024-10-06,,,,,,,,0,0,1.0,soozhu_henan_hog_daily,empty_week,True,True,False,week_missing; holiday_window
2024-10-07,2024-10-13,18.45,18.214,18.45,17.5,18.73,15.278,0.0019,5,5,0.2857,soozhu_henan_hog_daily,complete_week,False,True,False,holiday_window
2024-10-14,2024-10-20,17.87,17.887999999999998,17.8,17.4,18.27,15.282,0.00172,5,5,0.2857,soozhu_henan_hog_daily,complete_week,False,False,False,
2024-10-21,2024-10-27,17.4,17.4725,17.72,17.37,17.72,14.6075,0.001975,4,4,0.4286,soozhu_henan_hog_daily,complete_week,False,False,False,
2024-10-28,2024-11-03,17.0,17.106,17.0,16.88,17.4,13.669999999999998,0.00252,5,5,0.2857,soozhu_henan_hog_daily,complete_week,False,False,False,
2024-11-04,2024-11-10,16.8,16.71,16.35,16.35,17.0,13.974,0.00196,5,5,0.2857,soozhu_henan_hog_daily,complete_week,False,False,False,
2024-11-11,2024-11-17,16.5,16.466,16.6,16.23,16.6,13.969999999999999,0.0018,5,5,0.2857,soozhu_henan_hog_daily,complete_week,False,False,False,
2024-11-18,2024-11-24,16.28,16.30333333333333,16.28,15.93,16.7,14.533333333333333,0.0012333333333333335,3,3,0.5714,soozhu_henan_hog_daily,partial_week,False,False,False,sparse_week
2024-11-25,2024-12-01,16.35,16.396,16.35,16.28,16.6,14.080000000000002,0.0016399999999999997,5,5,0.2857,soozhu_henan_hog_daily,complete_week,False,False,False,
2024-12-02,2024-12-08,15.16,15.366666666666667,15.14,15.14,15.8,13.846666666666666,0.0010666666666666665,3,3,0.5714,soozhu_henan_hog_daily,partial_week,False,False,False,sparse_week
2024-12-09,2024-12-15,15.52,15.505,15.4,15.3,15.68,13.8525,0.0012,4,4,0.4286,soozhu_henan_hog_daily,complete_week,False,False,False,
2024-12-16,2024-12-22,15.4,15.415,15.38,15.33,15.53,14.620000000000001,0.00055,4,4,0.4286,soozhu_henan_hog_daily,complete_week,False,False,False,
2024-12-23,2024-12-29,15.52,15.528,15.52,15.36,15.69,14.632,0.0006200000000000001,5,5,0.2857,soozhu_henan_hog_daily,complete_week,False,False,False,
2024-12-30,2025-01-05,15.875,15.7875,15.89,15.4,16.0,14.4375,0.000925,4,4,0.4286,soozhu_henan_hog_daily,complete_week,False,False,False,
2025-01-06,2025-01-12,16.415,16.425,16.38,16.34,16.53,14.245,0.001525,4,4,0.4286,soozhu_henan_hog_daily,complete_week,False,False,False,
2025-01-13,2025-01-19,16.175,16.3675,16.3,15.85,17.27,14.16,0.001575,4,4,0.4286,soozhu_henan_hog_daily,complete_week,False,False,False,
2025-01-20,2025-01-26,16.45,16.47,16.38,16.32,16.6,14.565999999999999,0.0013,5,5,0.2857,soozhu_henan_hog_daily,complete_week,False,True,False,holiday_window
2025-01-27,2025-02-02,17.6,17.6,17.6,17.6,17.6,15.6,0.0013,1,1,0.8571,soozhu_henan_hog_daily,partial_week,False,True,False,sparse_week; holiday_window
2025-02-03,2025-02-09,15.600000000000001,15.6375,15.45,15.45,15.9,15.895,-0.00015000000000000001,4,4,0.4286,soozhu_henan_hog_daily,complete_week,False,True,False,holiday_window
2025-02-10,2025-02-16,,,,,,,,4,0,1.0,soozhu_henan_hog_daily,empty_week,True,True,False,week_missing; holiday_window
2025-02-17,2025-02-23,14.69,14.686000000000002,14.71,14.53,14.9,14.488,0.00015999999999999999,5,5,0.2857,soozhu_henan_hog_daily,complete_week,False,True,False,holiday_window
2025-02-24,2025-03-02,14.53,14.557999999999998,14.58,14.5,14.68,14.02,0.00037999999999999997,5,5,0.2857,soozhu_henan_hog_daily,complete_week,False,False,False,
2025-03-03,2025-03-09,14.2,14.2,14.27,14.13,14.27,14.39,-0.0001,2,2,0.7143,soozhu_henan_hog_daily,partial_week,False,False,False,sparse_week
2025-03-10,2025-03-16,,,,,,,,0,0,1.0,soozhu_henan_hog_daily,empty_week,True,False,False,week_missing
2025-03-17,2025-03-23,14.58,14.573333333333332,14.34,14.34,14.8,14.896666666666667,-0.00023333333333333333,3,3,0.5714,soozhu_henan_hog_daily,partial_week,False,False,False,sparse_week
2025-03-24,2025-03-30,14.21,14.254,14.2,14.19,14.38,15.307999999999998,-0.00068,5,5,0.2857,soozhu_henan_hog_daily,complete_week,False,False,False,
2025-03-31,2025-04-06,14.25,14.253333333333336,14.3,14.21,14.3,15.170000000000002,-0.0006,3,3,0.5714,soozhu_henan_hog_daily,partial_week,False,False,False,sparse_week
2025-04-07,2025-04-13,14.18,14.15,14.24,14.0,14.24,15.2425,-0.000725,4,4,0.4286,soozhu_henan_hog_daily,complete_week,False,False,False,
2025-04-14,2025-04-20,14.7,14.7,14.7,14.7,14.7,15.26,-0.0004,1,1,0.8571,soozhu_henan_hog_daily,partial_week,False,False,False,sparse_week
2025-04-21,2025-04-27,14.355,14.354999999999999,14.31,14.29,14.44,15.176666666666668,-0.00055,6,6,0.1429,soozhu_henan_hog_daily,complete_week,False,False,False,
2025-04-28,2025-05-04,14.31,14.31,14.31,14.31,14.31,15.01,-0.0005,1,1,0.8571,soozhu_henan_hog_daily,partial_week,False,True,False,sparse_week; holiday_window
2025-05-05,2025-05-11,14.36,14.363333333333335,14.27,14.27,14.46,14.983333333333334,-0.0004,3,3,0.5714,soozhu_henan_hog_daily,partial_week,False,True,False,sparse_week; holiday_window
2025-05-12,2025-05-18,14.39,14.353333333333333,14.39,14.27,14.4,15.236666666666666,-0.0005666666666666666,3,3,0.5714,soozhu_henan_hog_daily,partial_week,False,False,False,sparse_week
2025-05-19,2025-05-25,14.31,14.306000000000001,14.4,14.22,14.4,16.106,-0.0010999999999999998,5,5,0.2857,soozhu_henan_hog_daily,complete_week,False,False,False,
2025-05-26,2025-06-01,14.2,14.272,14.6,14.07,14.6,17.29,-0.0017399999999999998,5,5,0.2857,soozhu_henan_hog_daily,complete_week,False,False,False,
2025-06-02,2025-06-08,14.2,14.1125,14.2,13.8,14.25,18.61,-0.0024000000000000002,4,4,0.4286,soozhu_henan_hog_daily,complete_week,False,False,False,
2025-06-09,2025-06-15,14.0,13.984,14.2,13.68,14.2,18.98,-0.00264,5,5,0.2857,soozhu_henan_hog_daily,complete_week,False,False,False,
2025-06-16,2025-06-22,13.78,13.746,13.89,13.63,13.89,18.778,-0.00268,5,5,0.2857,soozhu_henan_hog_daily,complete_week,False,False,False,
2025-06-23,2025-06-29,13.92,13.9975,14.25,13.9,14.25,17.71,-0.0021,4,4,0.4286,soozhu_henan_hog_daily,complete_week,False,False,False,
2025-06-30,2025-07-06,14.24,14.29,14.43,14.2,14.43,18.30333333333333,-0.002166666666666667,3,3,0.5714,soozhu_henan_hog_daily,partial_week,False,False,False,sparse_week
2025-07-07,2025-07-13,14.36,14.282,14.36,13.9,14.52,18.61,-0.00232,5,5,0.2857,soozhu_henan_hog_daily,complete_week,False,False,False,
2025-07-14,2025-07-20,14.225,14.2275,14.18,14.16,14.3,19.0275,-0.0025,4,4,0.4286,soozhu_henan_hog_daily,complete_week,False,False,False,
2025-07-21,2025-07-27,14.22,14.206,14.05,14.05,14.45,18.966,-0.00252,5,5,0.2857,soozhu_henan_hog_daily,complete_week,False,False,False,
2025-07-28,2025-08-03,14.0,13.976666666666667,14.0,13.82,14.11,19.203333333333333,-0.002733333333333333,3,3,0.5714,soozhu_henan_hog_daily,partial_week,False,False,False,sparse_week
2025-08-04,2025-08-10,13.53,13.552000000000001,13.47,13.44,13.75,20.124000000000002,-0.00326,5,5,0.2857,soozhu_henan_hog_daily,complete_week,False,False,False,
2025-08-11,2025-08-17,13.375,13.3775,13.4,13.34,13.42,20.884999999999998,-0.003575,4,4,0.4286,soozhu_henan_hog_daily,complete_week,False,False,False,
2025-08-18,2025-08-24,13.254999999999999,13.254999999999999,13.2,13.2,13.31,20.310000000000002,-0.0035,2,2,0.7143,soozhu_henan_hog_daily,partial_week,False,False,False,sparse_week
2025-08-25,2025-08-31,13.4,13.435999999999998,13.6,13.36,13.6,19.714,-0.0031600000000000005,5,5,0.2857,soozhu_henan_hog_daily,complete_week,False,False,False,
2025-09-01,2025-09-07,13.43,13.413333333333332,13.44,13.37,13.44,19.896666666666665,-0.0032666666666666664,3,3,0.5714,soozhu_henan_hog_daily,partial_week,False,False,False,sparse_week
2025-09-08,2025-09-14,13.149999999999999,13.149999999999999,13.01,13.01,13.29,19.565,-0.0032500000000000003,2,2,0.7143,soozhu_henan_hog_daily,partial_week,False,False,False,sparse_week
2025-09-15,2025-09-21,13.07,13.003333333333332,12.77,12.77,13.17,19.186666666666667,-0.0032333333333333333,3,3,0.5714,soozhu_henan_hog_daily,partial_week,False,False,False,sparse_week
2025-09-22,2025-09-28,12.49,12.38,12.57,12.08,12.57,17.966666666666665,-0.0031,3,3,0.5714,soozhu_henan_hog_daily,partial_week,False,False,False,sparse_week
2025-09-29,2025-10-05,12.1,12.1,12.1,12.1,12.1,17.9,-0.0032,1,1,0.8571,soozhu_henan_hog_daily,partial_week,False,True,False,sparse_week; holiday_window
2025-10-06,2025-10-12,11.29,11.18,10.73,10.73,11.52,18.09,-0.003833333333333333,3,3,0.5714,soozhu_henan_hog_daily,partial_week,False,True,False,sparse_week; holiday_window
2025-10-13,2025-10-19,11.0,10.979999999999999,11.0,10.64,11.3,17.716666666666665,-0.0038,3,3,0.5714,soozhu_henan_hog_daily,partial_week,False,False,False,sparse_week
2025-10-20,2025-10-26,11.5,11.486666666666666,11.5,11.41,11.55,17.45,-0.0034333333333333334,3,3,0.5714,soozhu_henan_hog_daily,partial_week,False,False,False,sparse_week
2025-10-27,2025-11-02,12.25,12.25,12.3,12.2,12.3,17.16,-0.00285,2,2,0.7143,soozhu_henan_hog_daily,partial_week,False,False,False,sparse_week
2025-11-03,2025-11-09,11.68,11.68,11.68,11.68,11.68,17.13,-0.0032,1,1,0.8571,soozhu_henan_hog_daily,partial_week,False,False,False,sparse_week
2025-11-10,2025-11-16,11.48,11.466666666666667,11.48,11.32,11.6,16.636666666666667,-0.0031,3,3,0.5714,soozhu_henan_hog_daily,partial_week,False,False,False,sparse_week
2025-11-17,2025-11-23,11.344999999999999,11.344999999999999,11.37,11.32,11.37,16.130000000000003,-0.00295,2,2,0.7143,soozhu_henan_hog_daily,partial_week,False,False,False,sparse_week
2025-11-24,2025-11-30,10.9,10.936666666666667,10.72,10.72,11.19,16.376666666666665,-0.0032999999999999995,3,3,0.5714,soozhu_henan_hog_daily,partial_week,False,False,False,sparse_week
2025-12-01,2025-12-07,10.85,10.838,10.76,10.72,10.96,15.936000000000002,-0.0032,5,5,0.2857,soozhu_henan_hog_daily,complete_week,False,False,False,
2025-12-08,2025-12-14,10.81,10.864,11.14,10.73,11.14,15.547999999999998,-0.00304,5,5,0.2857,soozhu_henan_hog_daily,complete_week,False,False,False,
2025-12-15,2025-12-21,11.2,11.2,11.18,11.18,11.22,15.54,-0.0028,2,2,0.7143,soozhu_henan_hog_daily,partial_week,False,False,False,sparse_week
2025-12-22,2025-12-28,11.26,11.292,11.65,11.13,11.65,15.5,-0.00272,5,5,0.2857,soozhu_henan_hog_daily,complete_week,False,False,False,
2025-12-29,2026-01-04,12.18,12.14,11.94,11.94,12.3,15.663333333333332,-0.002266666666666667,3,3,0.5714,soozhu_henan_hog_daily,partial_week,False,False,False,sparse_week
2026-01-05,2026-01-11,12.5,12.492,12.43,12.4,12.6,16.276,-0.00232,5,5,0.2857,soozhu_henan_hog_daily,complete_week,False,False,False,
2026-01-12,2026-01-18,12.545,12.567499999999999,12.59,12.45,12.73,15.995000000000001,-0.002125,4,4,0.4286,soozhu_henan_hog_daily,complete_week,False,False,False,
2026-01-19,2026-01-25,13.434999999999999,13.425,13.27,13.13,13.7,15.795,-0.0015249999999999999,4,4,0.4286,soozhu_henan_hog_daily,complete_week,False,True,False,holiday_window
2026-01-26,2026-02-01,13.14,13.14,13.14,13.14,13.14,16.1,-0.0018,4,1,0.8571,soozhu_henan_hog_daily,partial_week,False,True,False,sparse_week; holiday_window
2026-02-02,2026-02-08,12.23,12.23,12.2,12.2,12.26,15.745000000000001,-0.0022500000000000003,4,2,0.7143,soozhu_henan_hog_daily,partial_week,False,True,False,sparse_week; holiday_window
2026-02-09,2026-02-15,11.87,11.974,11.8,11.75,12.3,14.559999999999999,-0.0018000000000000002,5,5,0.2857,soozhu_henan_hog_daily,complete_week,False,True,False,holiday_window
2026-02-16,2026-02-22,,,,,,,,0,0,1.0,soozhu_henan_hog_daily,empty_week,True,True,False,week_missing; holiday_window
2026-02-23,2026-03-01,10.75,10.852,10.75,10.68,11.2,14.5,-0.00252,5,5,0.2857,soozhu_henan_hog_daily,complete_week,False,False,False,
2026-03-02,2026-03-08,10.375,10.3375,10.38,10.2,10.4,14.3875,-0.0028,4,4,0.4286,soozhu_henan_hog_daily,complete_week,False,False,False,
2026-03-09,2026-03-15,10.07,10.0775,9.95,9.95,10.22,14.37,-0.003,4,4,0.4286,soozhu_henan_hog_daily,complete_week,False,False,False,
2026-03-16,2026-03-22,9.95,9.9625,9.85,9.85,10.1,14.5,-0.00315,4,4,0.4286,soozhu_henan_hog_daily,complete_week,False,False,False,
2026-03-23,2026-03-29,9.41,9.426666666666668,9.4,9.4,9.5,14.525,-0.0035,6,6,0.1429,soozhu_henan_hog_daily,complete_week,False,False,False,
2026-03-30,2026-04-05,9.455,9.455,9.51,9.4,9.51,14.690000000000001,-0.00355,2,2,0.7143,soozhu_henan_hog_daily,partial_week,False,False,False,sparse_week
2026-04-06,2026-04-12,8.844999999999999,8.844999999999999,8.69,8.69,9.0,14.58,-0.0039,2,2,0.7143,soozhu_henan_hog_daily,partial_week,False,False,False,sparse_week
2026-04-13,2026-04-19,8.74,8.74,8.74,8.74,8.74,14.95,-0.0042,1,1,0.8571,soozhu_henan_hog_daily,partial_week,False,False,True,sparse_week; boundary_week
